title,title_english,ruby,music_id,can_play_offline,genre,diff_type,difficulty
ヒトガタ,Hitogata,ひとがた,3030,false,anime_pop,normal,3.0
ヒトガタ,Hitogata,ひとがた,3030,false,anime_pop,hard,9.7
ヒトガタ,Hitogata,ひとがた,3030,false,anime_pop,expert,12.6
メニメニマニマニ,Many Many Money Money,めにめにまにまに,2240,false,anime_pop,normal,3.0
メニメニマニマニ,Many Many Money Money,めにめにまにまに,2240,false,anime_pop,hard,7.8
メニメニマニマニ,Many Many Money Money,めにめにまにまに,2240,false,anime_pop,expert,12.3
叩ケ 叩ケ 手ェ叩ケ,Tatake Tatake Te-tatake,たたけたたけてえたたけ,2204,false,anime_pop,normal,2.0
叩ケ 叩ケ 手ェ叩ケ,Tatake Tatake Te-tatake,たたけたたけてえたたけ,2204,false,anime_pop,hard,7.3
叩ケ 叩ケ 手ェ叩ケ,Tatake Tatake Te-tatake,たたけたたけてえたたけ,2204,false,anime_pop,expert,12.3
叩ケ 叩ケ 手ェ叩ケ,Tatake Tatake Te-tatake,たたけたたけてえたたけ,2204,false,anime_pop,inferno,13.8
Fly to NEW WORLD,,ＦＬＹＴＯＮＥＷＷＯＲＬＤ,2228,false,anime_pop,normal,3.0
Fly to NEW WORLD,,ＦＬＹＴＯＮＥＷＷＯＲＬＤ,2228,false,anime_pop,hard,8.3
Fly to NEW WORLD,,ＦＬＹＴＯＮＥＷＷＯＲＬＤ,2228,false,anime_pop,expert,12.2
透明声彩,Toumei Seisai,とうめいせいさい,2227,false,anime_pop,normal,3.0
透明声彩,Toumei Seisai,とうめいせいさい,2227,false,anime_pop,hard,7.6
透明声彩,Toumei Seisai,とうめいせいさい,2227,false,anime_pop,expert,11.8
うっせぇわ,Ussee-wa,うっせぇわ,3023,false,anime_pop,normal,3.0
うっせぇわ,Ussee-wa,うっせぇわ,3023,false,anime_pop,hard,9.6
うっせぇわ,Ussee-wa,うっせぇわ,3023,false,anime_pop,expert,12.2
うっせぇわ,Ussee-wa,うっせぇわ,3023,false,anime_pop,inferno,13.2
Fam☆Fam☆Time!,,ＦＡＭＦＡＭＴＩＭＥ,3003,false,anime_pop,normal,3.0
Fam☆Fam☆Time!,,ＦＡＭＦＡＭＴＩＭＥ,3003,false,anime_pop,hard,8.2
Fam☆Fam☆Time!,,ＦＡＭＦＡＭＴＩＭＥ,3003,false,anime_pop,expert,11.9
cœur,coeur,ＣＯＥＵＲ,2253,true,anime_pop,normal,3.0
cœur,coeur,ＣＯＥＵＲ,2253,true,anime_pop,hard,8.7
cœur,coeur,ＣＯＥＵＲ,2253,true,anime_pop,expert,12.7
私はNo 1！,Watashi wa No 1!,わたしはＮＯ１,2254,true,anime_pop,normal,3.0
私はNo 1！,Watashi wa No 1!,わたしはＮＯ１,2254,true,anime_pop,hard,8.4
私はNo 1！,Watashi wa No 1!,わたしはＮＯ１,2254,true,anime_pop,expert,12.3
ソロモン・ナイト,Solomon Night,そろもんないと,2252,true,anime_pop,normal,3.0
ソロモン・ナイト,Solomon Night,そろもんないと,2252,true,anime_pop,hard,7.8
ソロモン・ナイト,Solomon Night,そろもんないと,2252,true,anime_pop,expert,13.4
LOVE!HUG!GROOVY!!,,ＬＯＶＥＨＵＧＧＲＯＯＶＹ,2243,false,anime_pop,normal,4.0
LOVE!HUG!GROOVY!!,,ＬＯＶＥＨＵＧＧＲＯＯＶＹ,2243,false,anime_pop,hard,8.7
LOVE!HUG!GROOVY!!,,ＬＯＶＥＨＵＧＧＲＯＯＶＹ,2243,false,anime_pop,expert,12.4
LOVE!HUG!GROOVY!!,,ＬＯＶＥＨＵＧＧＲＯＯＶＹ,2243,false,anime_pop,inferno,13.5
Dig Delight!,,ＤＩＧＤＥＬＩＧＨＴ,2244,false,anime_pop,normal,3.0
Dig Delight!,,ＤＩＧＤＥＬＩＧＨＴ,2244,false,anime_pop,hard,8.3
Dig Delight!,,ＤＩＧＤＥＬＩＧＨＴ,2244,false,anime_pop,expert,11.4
電乱★カウントダウン,Denran Countdown,でんらんかうんとだうん,2245,false,anime_pop,normal,4.0
電乱★カウントダウン,Denran Countdown,でんらんかうんとだうん,2245,false,anime_pop,hard,7.8
電乱★カウントダウン,Denran Countdown,でんらんかうんとだうん,2245,false,anime_pop,expert,12.5
Photon Melodies,,ＰＨＯＴＯＮＭＥＬＯＤＩＥＳ,2246,false,anime_pop,normal,3.0
Photon Melodies,,ＰＨＯＴＯＮＭＥＬＯＤＩＥＳ,2246,false,anime_pop,hard,7.7
Photon Melodies,,ＰＨＯＴＯＮＭＥＬＯＤＩＥＳ,2246,false,anime_pop,expert,11.5
ぐるぐるDJ TURN!!,Guru-guru DJ TURN!!,ぐるぐるＤＪＴＵＲＮ,2251,false,anime_pop,normal,4.0
ぐるぐるDJ TURN!!,Guru-guru DJ TURN!!,ぐるぐるＤＪＴＵＲＮ,2251,false,anime_pop,hard,10.1
ぐるぐるDJ TURN!!,Guru-guru DJ TURN!!,ぐるぐるＤＪＴＵＲＮ,2251,false,anime_pop,expert,12.8
sister's noise,,ＳＩＳＴＥＲＳＮＯＩＳＥ,2058,false,anime_pop,normal,2.0
sister's noise,,ＳＩＳＴＥＲＳＮＯＩＳＥ,2058,false,anime_pop,hard,6.0
sister's noise,,ＳＩＳＴＥＲＳＮＯＩＳＥ,2058,false,anime_pop,expert,10.1
なだめスかし Negotiation,Nadame Sukashi Negotiation,なだめすかしＮＥＧＯＴＩＡＴＩＯＮ,2202,false,anime_pop,normal,3.0
なだめスかし Negotiation,Nadame Sukashi Negotiation,なだめすかしＮＥＧＯＴＩＡＴＩＯＮ,2202,false,anime_pop,hard,7.7
なだめスかし Negotiation,Nadame Sukashi Negotiation,なだめすかしＮＥＧＯＴＩＡＴＩＯＮ,2202,false,anime_pop,expert,11.9
サクリファイス,Sacrifice,さくりふぁいす,1219,false,anime_pop,normal,3.0
サクリファイス,Sacrifice,さくりふぁいす,1219,false,anime_pop,hard,9.1
サクリファイス,Sacrifice,さくりふぁいす,1219,false,anime_pop,expert,12.2
非実在系女子たちはどうすりゃいいですか？,Hi Jitsuzaikei Joshi Tachi wa Dousurya Iidesuka?,ひじつざいけいじょしたちはどうすりゃいいですか,2203,false,anime_pop,normal,3.0
非実在系女子たちはどうすりゃいいですか？,Hi Jitsuzaikei Joshi Tachi wa Dousurya Iidesuka?,ひじつざいけいじょしたちはどうすりゃいいですか,2203,false,anime_pop,hard,8.5
非実在系女子たちはどうすりゃいいですか？,Hi Jitsuzaikei Joshi Tachi wa Dousurya Iidesuka?,ひじつざいけいじょしたちはどうすりゃいいですか,2203,false,anime_pop,expert,12.6
ぺこみこ大戦争！！,Peko Miko Daisensou!!,ぺこみこだいせんそう,2021,true,anime_pop,normal,4.0
ぺこみこ大戦争！！,Peko Miko Daisensou!!,ぺこみこだいせんそう,2021,true,anime_pop,hard,8.4
ぺこみこ大戦争！！,Peko Miko Daisensou!!,ぺこみこだいせんそう,2021,true,anime_pop,expert,11.2
ぺこみこ大戦争！！,Peko Miko Daisensou!!,ぺこみこだいせんそう,2021,true,anime_pop,inferno,13.2
Say!ファンファーレ!,Say! Fanfare!,ＳＡＹＦＡＮＦＡＲＥ,2024,false,anime_pop,normal,3.0
Say!ファンファーレ!,Say! Fanfare!,ＳＡＹＦＡＮＦＡＲＥ,2024,false,anime_pop,hard,8.6
Say!ファンファーレ!,Say! Fanfare!,ＳＡＹＦＡＮＦＡＲＥ,2024,false,anime_pop,expert,12.5
NEXT COLOR PLANET,,ＮＥＸＴＣＯＬＯＲＰＬＡＮＥＴ,2067,false,anime_pop,normal,2.0
NEXT COLOR PLANET,,ＮＥＸＴＣＯＬＯＲＰＬＡＮＥＴ,2067,false,anime_pop,hard,7.5
NEXT COLOR PLANET,,ＮＥＸＴＣＯＬＯＲＰＬＡＮＥＴ,2067,false,anime_pop,expert,12.6
夢見る空へ,Yumemiru sora e,ゆめみるそらへ,2066,false,anime_pop,normal,2.0
夢見る空へ,Yumemiru sora e,ゆめみるそらへ,2066,false,anime_pop,hard,7.7
夢見る空へ,Yumemiru sora e,ゆめみるそらへ,2066,false,anime_pop,expert,11.3
お願いマッスル,Onegai Muscle,おねがいまっする,1204,false,anime_pop,normal,1.0
お願いマッスル,Onegai Muscle,おねがいまっする,1204,false,anime_pop,hard,7.7
お願いマッスル,Onegai Muscle,おねがいまっする,1204,false,anime_pop,expert,10.7
マッチョアネーム？,Macho a Name?,まっちょあねーむ,2043,false,anime_pop,normal,2.0
マッチョアネーム？,Macho a Name?,まっちょあねーむ,2043,false,anime_pop,hard,6.6
マッチョアネーム？,Macho a Name?,まっちょあねーむ,2043,false,anime_pop,expert,12.7
HELLO to DREAM,,ＨＡＬＬＯＴＯＤＲＥＡＭ,2068,false,anime_pop,normal,1.0
HELLO to DREAM,,ＨＡＬＬＯＴＯＤＲＥＡＭ,2068,false,anime_pop,hard,6.5
HELLO to DREAM,,ＨＡＬＬＯＴＯＤＲＥＡＭ,2068,false,anime_pop,expert,9.7
over and over,,ＯＶＥＲＡＮＤＯＶＥＲ,2069,false,anime_pop,normal,2.0
over and over,,ＯＶＥＲＡＮＤＯＶＥＲ,2069,false,anime_pop,hard,7.5
over and over,,ＯＶＥＲＡＮＤＯＶＥＲ,2069,false,anime_pop,expert,10.4
トロピカッ☆バケーション,Tropica' Vacation,とろぴかっばけーしょん,2084,false,anime_pop,normal,2.0
トロピカッ☆バケーション,Tropica' Vacation,とろぴかっばけーしょん,2084,false,anime_pop,hard,7.5
トロピカッ☆バケーション,Tropica' Vacation,とろぴかっばけーしょん,2084,false,anime_pop,expert,10.7
秒針を噛む,Byoushin wo Kamu,びょうしんをかむ,2001,false,anime_pop,normal,2.0
秒針を噛む,Byoushin wo Kamu,びょうしんをかむ,2001,false,anime_pop,hard,6.8
秒針を噛む,Byoushin wo Kamu,びょうしんをかむ,2001,false,anime_pop,expert,11.0
ないものねだり,Naimono-nedari,ないものねだり,1020,false,anime_pop,normal,2.0
ないものねだり,Naimono-nedari,ないものねだり,1020,false,anime_pop,hard,7.7
ないものねだり,Naimono-nedari,ないものねだり,1020,false,anime_pop,expert,11.1
HOT LIMIT,,ＨＯＴＬＩＭＩＴ,1008,false,anime_pop,normal,3.0
HOT LIMIT,,ＨＯＴＬＩＭＩＴ,1008,false,anime_pop,hard,7.9
HOT LIMIT,,ＨＯＴＬＩＭＩＴ,1008,false,anime_pop,expert,10.0
キラメキライダー☆,Kirameki Rider,きらめきらいだー,2023,false,anime_pop,normal,2.0
キラメキライダー☆,Kirameki Rider,きらめきらいだー,2023,false,anime_pop,hard,7.0
キラメキライダー☆,Kirameki Rider,きらめきらいだー,2023,false,anime_pop,expert,11.5
ガヴリールドロップキック,Gabriel Drop Kick,がゔりーるどろっぷきっく,2002,false,anime_pop,normal,3.0
ガヴリールドロップキック,Gabriel Drop Kick,がゔりーるどろっぷきっく,2002,false,anime_pop,hard,6.9
ガヴリールドロップキック,Gabriel Drop Kick,がゔりーるどろっぷきっく,2002,false,anime_pop,expert,11.0
This game,,ＴＨＩＳＧＡＭＥ,2003,false,anime_pop,normal,2.0
This game,,ＴＨＩＳＧＡＭＥ,2003,false,anime_pop,hard,7.6
This game,,ＴＨＩＳＧＡＭＥ,2003,false,anime_pop,expert,10.7
RAGE OF DUST,,ＲＡＧＥＯＦＤＵＳＴ,1264,false,anime_pop,normal,3.0
RAGE OF DUST,,ＲＡＧＥＯＦＤＵＳＴ,1264,false,anime_pop,hard,8.4
RAGE OF DUST,,ＲＡＧＥＯＦＤＵＳＴ,1264,false,anime_pop,expert,9.6
Make it！,,ＭＡＫＥＩＴ,2030,false,anime_pop,normal,1.0
Make it！,,ＭＡＫＥＩＴ,2030,false,anime_pop,hard,5.1
Make it！,,ＭＡＫＥＩＴ,2030,false,anime_pop,expert,9.4
Make it！ (DJ Genki Remix),,ＭＡＫＥＩＴＤＪＧＥＮＫＩＲＥＭＩＸ,2028,false,anime_pop,normal,3.0
Make it！ (DJ Genki Remix),,ＭＡＫＥＩＴＤＪＧＥＮＫＩＲＥＭＩＸ,2028,false,anime_pop,hard,7.8
Make it！ (DJ Genki Remix),,ＭＡＫＥＩＴＤＪＧＥＮＫＩＲＥＭＩＸ,2028,false,anime_pop,expert,11.6
キラッとスタート,Kira-tto Start,きらっとすたーと,2031,false,anime_pop,normal,2.0
キラッとスタート,Kira-tto Start,きらっとすたーと,2031,false,anime_pop,hard,7.4
キラッとスタート,Kira-tto Start,きらっとすたーと,2031,false,anime_pop,expert,10.2
キラッとスタート (USAO Remix),Kira-tto Start (USAO Remix),きらっとすたーとＵＳＡＯＲＥＭＩＸ,2027,false,anime_pop,normal,4.0
キラッとスタート (USAO Remix),Kira-tto Start (USAO Remix),きらっとすたーとＵＳＡＯＲＥＭＩＸ,2027,false,anime_pop,hard,8.2
キラッとスタート (USAO Remix),Kira-tto Start (USAO Remix),きらっとすたーとＵＳＡＯＲＥＭＩＸ,2027,false,anime_pop,expert,12.5
ハート♥イロ♥トリドリ〜ム,Heart Iro Tori Dream,はーといろとりどりーむ,2029,false,anime_pop,normal,1.0
ハート♥イロ♥トリドリ〜ム,Heart Iro Tori Dream,はーといろとりどりーむ,2029,false,anime_pop,hard,6.0
ハート♥イロ♥トリドリ〜ム,Heart Iro Tori Dream,はーといろとりどりーむ,2029,false,anime_pop,expert,10.1
ダダダダ天使,Da Da Da Da-tenshi,だだだだてんし,1206,false,anime_pop,normal,3.0
ダダダダ天使,Da Da Da Da-tenshi,だだだだてんし,1206,false,anime_pop,hard,7.8
ダダダダ天使,Da Da Da Da-tenshi,だだだだてんし,1206,false,anime_pop,expert,12.0
青空のラプソディ,Aozora no Rhapsody,あおぞらのらぷそでぃ,1205,false,anime_pop,normal,2.0
青空のラプソディ,Aozora no Rhapsody,あおぞらのらぷそでぃ,1205,false,anime_pop,hard,6.8
青空のラプソディ,Aozora no Rhapsody,あおぞらのらぷそでぃ,1205,false,anime_pop,expert,9.3
青空のラプソディ,Aozora no Rhapsody,あおぞらのらぷそでぃ,1205,false,anime_pop,inferno,11.0
Bravely You,,ＢＲＡＶＥＬＹＹＯＵ,1238,false,anime_pop,normal,1.0
Bravely You,,ＢＲＡＶＥＬＹＹＯＵ,1238,false,anime_pop,hard,6.5
Bravely You,,ＢＲＡＶＥＬＹＹＯＵ,1238,false,anime_pop,expert,9.5
ぼなぺてぃーと♡S,Bon Appetit S,ぼなぺてぃーとえす,1236,false,anime_pop,normal,2.0
ぼなぺてぃーと♡S,Bon Appetit S,ぼなぺてぃーとえす,1236,false,anime_pop,hard,7.7
ぼなぺてぃーと♡S,Bon Appetit S,ぼなぺてぃーとえす,1236,false,anime_pop,expert,11.5
デタラメなマイナスとプラスにおけるブレンド考,DETARAME NA minus TO plus NI OKERU blend KO,でたらめなまいなすとぷらすにおけるぶれんどこう,1237,false,anime_pop,normal,2.0
デタラメなマイナスとプラスにおけるブレンド考,DETARAME NA minus TO plus NI OKERU blend KO,でたらめなまいなすとぷらすにおけるぶれんどこう,1237,false,anime_pop,hard,5.7
デタラメなマイナスとプラスにおけるブレンド考,DETARAME NA minus TO plus NI OKERU blend KO,でたらめなまいなすとぷらすにおけるぶれんどこう,1237,false,anime_pop,expert,10.0
輪廻転生,Rinne-tensho,りんねてんせい,1092,false,anime_pop,normal,3.0
輪廻転生,Rinne-tensho,りんねてんせい,1092,false,anime_pop,hard,9.2
輪廻転生,Rinne-tensho,りんねてんせい,1092,false,anime_pop,expert,12.3
ストライク・ザ・ブラッド,Strike the blood,すとらいくざぶらっど,1114,false,anime_pop,normal,3.0
ストライク・ザ・ブラッド,Strike the blood,すとらいくざぶらっど,1114,false,anime_pop,hard,8.7
ストライク・ザ・ブラッド,Strike the blood,すとらいくざぶらっど,1114,false,anime_pop,expert,11.7
新宝島,Shin Takarajima,しんたからじま,1021,false,anime_pop,normal,1.0
新宝島,Shin Takarajima,しんたからじま,1021,false,anime_pop,hard,6.3
新宝島,Shin Takarajima,しんたからじま,1021,false,anime_pop,expert,9.4
U.S.A.,,ＵＳＡ,1203,false,anime_pop,normal,2.0
U.S.A.,,ＵＳＡ,1203,false,anime_pop,hard,7.1
U.S.A.,,ＵＳＡ,1203,false,anime_pop,expert,10.2
Shiny Smily Story,,ＳＨＩＮＹＳＭＩＬＹＳＴＯＲＹ,1269,false,anime_pop,normal,3.0
Shiny Smily Story,,ＳＨＩＮＹＳＭＩＬＹＳＴＯＲＹ,1269,false,anime_pop,hard,6.5
Shiny Smily Story,,ＳＨＩＮＹＳＭＩＬＹＳＴＯＲＹ,1269,false,anime_pop,expert,10.4
Dream☆Story,,ＤＲＥＡＭＳＴＯＲＹ,1270,false,anime_pop,normal,2.0
Dream☆Story,,ＤＲＥＡＭＳＴＯＲＹ,1270,false,anime_pop,hard,7.5
Dream☆Story,,ＤＲＥＡＭＳＴＯＲＹ,1270,false,anime_pop,expert,11.2
without U,,ＷＩＴＨＯＵＴＵ,1273,false,anime_pop,normal,3.0
without U,,ＷＩＴＨＯＵＴＵ,1273,false,anime_pop,hard,7.2
without U,,ＷＩＴＨＯＵＴＵ,1273,false,anime_pop,expert,10.2
シャルル,Charles,しゃるる,1218,false,anime_pop,normal,3.0
シャルル,Charles,しゃるる,1218,false,anime_pop,hard,7.1
シャルル,Charles,しゃるる,1218,false,anime_pop,expert,10.3
ドラマツルギー,Dramaturgy,どらまつるぎー,1217,false,anime_pop,normal,2.0
ドラマツルギー,Dramaturgy,どらまつるぎー,1217,false,anime_pop,hard,7.4
ドラマツルギー,Dramaturgy,どらまつるぎー,1217,false,anime_pop,expert,10.1
オドループ,OddLoop,おどるーぷ,1113,false,anime_pop,normal,3.0
オドループ,OddLoop,おどるーぷ,1113,false,anime_pop,hard,7.9
オドループ,OddLoop,おどるーぷ,1113,false,anime_pop,expert,10.4
only my railgun,,ＯＮＬＹＭＹＲＡＩＬＧＵＮ,1009,false,anime_pop,normal,3.0
only my railgun,,ＯＮＬＹＭＹＲＡＩＬＧＵＮ,1009,false,anime_pop,hard,6.7
only my railgun,,ＯＮＬＹＭＹＲＡＩＬＧＵＮ,1009,false,anime_pop,expert,9.5
残酷な天使のテーゼ,Zankoku na Tenshi no Thesis,ざんこくなてんしのてーぜ,1091,false,anime_pop,normal,1.0
残酷な天使のテーゼ,Zankoku na Tenshi no Thesis,ざんこくなてんしのてーぜ,1091,false,anime_pop,hard,5.3
残酷な天使のテーゼ,Zankoku na Tenshi no Thesis,ざんこくなてんしのてーぜ,1091,false,anime_pop,expert,9.3
ただ君に晴れ,Tada Kimi ni Hare,ただきみにはれ,1018,false,anime_pop,normal,3.0
ただ君に晴れ,Tada Kimi ni Hare,ただきみにはれ,1018,false,anime_pop,hard,7.0
ただ君に晴れ,Tada Kimi ni Hare,ただきみにはれ,1018,false,anime_pop,expert,9.6
AIAIAI (feat. 中田ヤスタカ),AIAIAI (feat. Nakata Yasutaka),ＡＩＡＩＡＩ,1098,false,anime_pop,normal,1.0
AIAIAI (feat. 中田ヤスタカ),AIAIAI (feat. Nakata Yasutaka),ＡＩＡＩＡＩ,1098,false,anime_pop,hard,6.4
AIAIAI (feat. 中田ヤスタカ),AIAIAI (feat. Nakata Yasutaka),ＡＩＡＩＡＩ,1098,false,anime_pop,expert,9.4
"Hello, Morning",,ＨＥＬＬＯＭＯＲＮＩＮＧ,1109,false,anime_pop,normal,2.0
"Hello, Morning",,ＨＥＬＬＯＭＯＲＮＩＮＧ,1109,false,anime_pop,hard,7.1
"Hello, Morning",,ＨＥＬＬＯＭＯＲＮＩＮＧ,1109,false,anime_pop,expert,11.2
Raise Your Heart!!,,ＲＡＩＳＥＹＯＵＲＨＥＡＲＴ,1124,false,anime_pop,normal,3.0
Raise Your Heart!!,,ＲＡＩＳＥＹＯＵＲＨＥＡＲＴ,1124,false,anime_pop,hard,7.4
Raise Your Heart!!,,ＲＡＩＳＥＹＯＵＲＨＥＡＲＴ,1124,false,anime_pop,expert,10.6
SHINY DAYS,,ＳＨＩＮＹＤＡＹＳ,1125,false,anime_pop,normal,1.0
SHINY DAYS,,ＳＨＩＮＹＤＡＹＳ,1125,false,anime_pop,hard,5.2
SHINY DAYS,,ＳＨＩＮＹＤＡＹＳ,1125,false,anime_pop,expert,9.0
ファティマ,Fatima,ふぁてぃま,23,false,anime_pop,normal,2.0
ファティマ,Fatima,ふぁてぃま,23,false,anime_pop,hard,6.8
ファティマ,Fatima,ふぁてぃま,23,false,anime_pop,expert,9.5
回レ！雪月花,Maware! Setsugetsuka,まわれせつげっか,26,false,anime_pop,normal,2.0
回レ！雪月花,Maware! Setsugetsuka,まわれせつげっか,26,false,anime_pop,hard,8.0
回レ！雪月花,Maware! Setsugetsuka,まわれせつげっか,26,false,anime_pop,expert,11.0
回レ！雪月花,Maware! Setsugetsuka,まわれせつげっか,26,false,anime_pop,inferno,13.8
ファッとして桃源郷,Fatto-shite Tougenkyou,ふぁっとしてとうげんきょう,1095,false,anime_pop,normal,3.0
ファッとして桃源郷,Fatto-shite Tougenkyou,ふぁっとしてとうげんきょう,1095,false,anime_pop,hard,9.3
ファッとして桃源郷,Fatto-shite Tougenkyou,ふぁっとしてとうげんきょう,1095,false,anime_pop,expert,12.0
TOMORROW,,ＴＯＭＯＲＲＯＷ,1089,false,anime_pop,normal,3.0
TOMORROW,,ＴＯＭＯＲＲＯＷ,1089,false,anime_pop,hard,8.0
TOMORROW,,ＴＯＭＯＲＲＯＷ,1089,false,anime_pop,expert,10.4
メルト,Melt,めると,3048,false,vocaloid,normal,3.0
メルト,Melt,めると,3048,false,vocaloid,hard,8.7
メルト,Melt,めると,3048,false,vocaloid,expert,12.6
天樂,Tengaku,てんがく,3049,false,vocaloid,normal,3.0
天樂,Tengaku,てんがく,3049,false,vocaloid,hard,8.6
天樂,Tengaku,てんがく,3049,false,vocaloid,expert,12.7
吉原ラメント,Yoshiwara Lament,よしわららめんと,3050,false,vocaloid,normal,3.0
吉原ラメント,Yoshiwara Lament,よしわららめんと,3050,false,vocaloid,hard,8.3
吉原ラメント,Yoshiwara Lament,よしわららめんと,3050,false,vocaloid,expert,12.4
ワールズエンド・ダンスホール,World's End Dancehall,わーるずえんどだんすほーる,1032,false,vocaloid,normal,3.0
ワールズエンド・ダンスホール,World's End Dancehall,わーるずえんどだんすほーる,1032,false,vocaloid,hard,8.6
ワールズエンド・ダンスホール,World's End Dancehall,わーるずえんどだんすほーる,1032,false,vocaloid,expert,12.5
炉心融解,Roshin Yuukai,ろしんゆうかい,2238,false,vocaloid,normal,2.0
炉心融解,Roshin Yuukai,ろしんゆうかい,2238,false,vocaloid,hard,8.6
炉心融解,Roshin Yuukai,ろしんゆうかい,2238,false,vocaloid,expert,12.2
∞(2018Remake),Infinity (2018Remake),いんふぃにてぃ,3025,false,vocaloid,normal,3.0
∞(2018Remake),Infinity (2018Remake),いんふぃにてぃ,3025,false,vocaloid,hard,8.7
∞(2018Remake),Infinity (2018Remake),いんふぃにてぃ,3025,false,vocaloid,expert,13.8
ちがう!!!,Chigau!!!,ちがう,3035,false,vocaloid,normal,4.0
ちがう!!!,Chigau!!!,ちがう,3035,false,vocaloid,hard,9.7
ちがう!!!,Chigau!!!,ちがう,3035,false,vocaloid,expert,12.4
おねがいダーリン,Onegai Darling,おねがいだーりん,3026,false,vocaloid,normal,4.0
おねがいダーリン,Onegai Darling,おねがいだーりん,3026,false,vocaloid,hard,9.3
おねがいダーリン,Onegai Darling,おねがいだーりん,3026,false,vocaloid,expert,11.6
怪盗Fの台本（シナリオ）〜消えたダイヤの謎〜,Kaitou F no Daihon(Scenario) -Kieta Diamond no Nazo-,かいとうえふのしなりお,3024,false,vocaloid,normal,3.0
怪盗Fの台本（シナリオ）〜消えたダイヤの謎〜,Kaitou F no Daihon(Scenario) -Kieta Diamond no Nazo-,かいとうえふのしなりお,3024,false,vocaloid,hard,9.1
怪盗Fの台本（シナリオ）〜消えたダイヤの謎〜,Kaitou F no Daihon(Scenario) -Kieta Diamond no Nazo-,かいとうえふのしなりお,3024,false,vocaloid,expert,13.7
KING,,ＫＩＮＧ,3005,false,vocaloid,normal,2.0
KING,,ＫＩＮＧ,3005,false,vocaloid,hard,8.0
KING,,ＫＩＮＧ,3005,false,vocaloid,expert,11.6
ダーリンダンス,Darling Dance,だーりんだんす,3006,false,vocaloid,normal,2.0
ダーリンダンス,Darling Dance,だーりんだんす,3006,false,vocaloid,hard,8.7
ダーリンダンス,Darling Dance,だーりんだんす,3006,false,vocaloid,expert,12.8
トリノコシティ,Torinoko City,とりのこしてぃ,2239,false,vocaloid,normal,3.0
トリノコシティ,Torinoko City,とりのこしてぃ,2239,false,vocaloid,hard,7.7
トリノコシティ,Torinoko City,とりのこしてぃ,2239,false,vocaloid,expert,12.2
サマータイムレコード,Summer-time Record,さまーたいむれこーど,3007,false,vocaloid,normal,3.0
サマータイムレコード,Summer-time Record,さまーたいむれこーど,3007,false,vocaloid,hard,7.8
サマータイムレコード,Summer-time Record,さまーたいむれこーど,3007,false,vocaloid,expert,11.9
テレキャスタービーボーイ,Telecaster B-Boy,てれきゃすたーびーぼーい,2205,false,vocaloid,normal,3.0
テレキャスタービーボーイ,Telecaster B-Boy,てれきゃすたーびーぼーい,2205,false,vocaloid,hard,8.9
テレキャスタービーボーイ,Telecaster B-Boy,てれきゃすたーびーぼーい,2205,false,vocaloid,expert,11.9
フィクサー,Fixer,ふぃくさー,2215,false,vocaloid,normal,3.0
フィクサー,Fixer,ふぃくさー,2215,false,vocaloid,hard,7.3
フィクサー,Fixer,ふぃくさー,2215,false,vocaloid,expert,12.9
バレリーコ,Barerii-ko,ばれりーこ,2214,false,vocaloid,normal,3.0
バレリーコ,Barerii-ko,ばれりーこ,2214,false,vocaloid,hard,8.2
バレリーコ,Barerii-ko,ばれりーこ,2214,false,vocaloid,expert,11.6
だれかの心臓になれたなら,Dareka no Shinzou ni Nareta Nara,だれかのしんぞうになれたなら,2216,false,vocaloid,normal,3.0
だれかの心臓になれたなら,Dareka no Shinzou ni Nareta Nara,だれかのしんぞうになれたなら,2216,false,vocaloid,hard,7.8
だれかの心臓になれたなら,Dareka no Shinzou ni Nareta Nara,だれかのしんぞうになれたなら,2216,false,vocaloid,expert,12.1
六兆年と一夜物語,Rokucho-nen to ichiya monogatari,ろくちょうねんといちやものがたり,1209,false,vocaloid,normal,4.0
六兆年と一夜物語,Rokucho-nen to ichiya monogatari,ろくちょうねんといちやものがたり,1209,false,vocaloid,hard,8.9
六兆年と一夜物語,Rokucho-nen to ichiya monogatari,ろくちょうねんといちやものがたり,1209,false,vocaloid,expert,12.5
ワールドイズマイン,World is Mine,わーるどいずまいん,2076,false,vocaloid,normal,3.0
ワールドイズマイン,World is Mine,わーるどいずまいん,2076,false,vocaloid,hard,8.3
ワールドイズマイン,World is Mine,わーるどいずまいん,2076,false,vocaloid,expert,11.6
進捗どうですか！,Shinchoku Doudesu-ka!,しんちょくどうですか！,1239,false,vocaloid,normal,3.0
進捗どうですか！,Shinchoku Doudesu-ka!,しんちょくどうですか！,1239,false,vocaloid,hard,7.3
進捗どうですか！,Shinchoku Doudesu-ka!,しんちょくどうですか！,1239,false,vocaloid,expert,12.8
ぼくらの16bit戦争,Bokurano 16bit Sensou,ぼくらの１６ＢＩＴせんそう,2077,false,vocaloid,normal,4.0
ぼくらの16bit戦争,Bokurano 16bit Sensou,ぼくらの１６ＢＩＴせんそう,2077,false,vocaloid,hard,9.1
ぼくらの16bit戦争,Bokurano 16bit Sensou,ぼくらの１６ＢＩＴせんそう,2077,false,vocaloid,expert,13.4
隔絶≡タナトス,Kakuzetsu Thanatos,かくぜつたなとす,2078,false,vocaloid,normal,4.0
隔絶≡タナトス,Kakuzetsu Thanatos,かくぜつたなとす,2078,false,vocaloid,hard,8.5
隔絶≡タナトス,Kakuzetsu Thanatos,かくぜつたなとす,2078,false,vocaloid,expert,13.5
アスノヨゾラ哨戒班,Asu no Yozora Shokaihan,あすのよぞらしょうかいはん,2032,false,vocaloid,normal,3.0
アスノヨゾラ哨戒班,Asu no Yozora Shokaihan,あすのよぞらしょうかいはん,2032,false,vocaloid,hard,7.6
アスノヨゾラ哨戒班,Asu no Yozora Shokaihan,あすのよぞらしょうかいはん,2032,false,vocaloid,expert,11.9
ヒビカセ,Hibikase,ひびかせ,2033,false,vocaloid,normal,3.0
ヒビカセ,Hibikase,ひびかせ,2033,false,vocaloid,hard,8.4
ヒビカセ,Hibikase,ひびかせ,2033,false,vocaloid,expert,12.3
脳漿炸裂ガール,Noushou Sakuretsu Girl,のうしょうさくれつがーる,2034,false,vocaloid,normal,5.0
脳漿炸裂ガール,Noushou Sakuretsu Girl,のうしょうさくれつがーる,2034,false,vocaloid,hard,9.5
脳漿炸裂ガール,Noushou Sakuretsu Girl,のうしょうさくれつがーる,2034,false,vocaloid,expert,13.5
ポジティブ☆ダンスタイム,Positive Dance-Time,ぽじてぃぶだんすたいむ,2004,false,vocaloid,normal,3.0
ポジティブ☆ダンスタイム,Positive Dance-Time,ぽじてぃぶだんすたいむ,2004,false,vocaloid,hard,8.9
ポジティブ☆ダンスタイム,Positive Dance-Time,ぽじてぃぶだんすたいむ,2004,false,vocaloid,expert,11.6
Gimme×Gimme feat. 初音ミク・鏡音リン,Gimme-Gimme feat. Hatsune Miku & Kagamine Rin,ＧＩＭＭＥＧＩＭＭＥ,2005,false,vocaloid,normal,2.0
Gimme×Gimme feat. 初音ミク・鏡音リン,Gimme-Gimme feat. Hatsune Miku & Kagamine Rin,ＧＩＭＭＥＧＩＭＭＥ,2005,false,vocaloid,hard,8.1
Gimme×Gimme feat. 初音ミク・鏡音リン,Gimme-Gimme feat. Hatsune Miku & Kagamine Rin,ＧＩＭＭＥＧＩＭＭＥ,2005,false,vocaloid,expert,12.0
39みゅーじっく！,39 music!,３９みゅーじっく,2006,false,vocaloid,normal,2.0
39みゅーじっく！,39 music!,３９みゅーじっく,2006,false,vocaloid,hard,7.4
39みゅーじっく！,39 music!,３９みゅーじっく,2006,false,vocaloid,expert,10.9
ブリキノダンス,Buriki no Dance,ぶりきのだんす,1224,false,vocaloid,normal,3.0
ブリキノダンス,Buriki no Dance,ぶりきのだんす,1224,false,vocaloid,hard,7.9
ブリキノダンス,Buriki no Dance,ぶりきのだんす,1224,false,vocaloid,expert,12.3
チュルリラ・チュルリラ・ダッダッダ！,Chururira Chururira Da-da-da!,ちゅるりらちゅるりらだっだっだ,1244,false,vocaloid,normal,4.0
チュルリラ・チュルリラ・ダッダッダ！,Chururira Chururira Da-da-da!,ちゅるりらちゅるりらだっだっだ,1244,false,vocaloid,hard,8.3
チュルリラ・チュルリラ・ダッダッダ！,Chururira Chururira Da-da-da!,ちゅるりらちゅるりらだっだっだ,1244,false,vocaloid,expert,12.4
おばけのウケねらい,Obake no Uke-nerai,おばけのうけねらい,1245,false,vocaloid,normal,3.0
おばけのウケねらい,Obake no Uke-nerai,おばけのうけねらい,1245,false,vocaloid,hard,8.0
おばけのウケねらい,Obake no Uke-nerai,おばけのうけねらい,1245,false,vocaloid,expert,11.7
ベノム,Venom,べのむ,1246,false,vocaloid,normal,3.0
ベノム,Venom,べのむ,1246,false,vocaloid,hard,7.5
ベノム,Venom,べのむ,1246,false,vocaloid,expert,12.1
リアル初音ミクの消失,Real Hatsune Miku no Shoushitsu,りあるはつねみくのしょうしつ,1031,false,vocaloid,normal,6.0
リアル初音ミクの消失,Real Hatsune Miku no Shoushitsu,りあるはつねみくのしょうしつ,1031,false,vocaloid,hard,10.2
リアル初音ミクの消失,Real Hatsune Miku no Shoushitsu,りあるはつねみくのしょうしつ,1031,false,vocaloid,expert,13.7
セツナトリップ,Setsuna Trip,せつなとりっぷ,1221,false,vocaloid,normal,3.0
セツナトリップ,Setsuna Trip,せつなとりっぷ,1221,false,vocaloid,hard,9.0
セツナトリップ,Setsuna Trip,せつなとりっぷ,1221,false,vocaloid,expert,12.1
カゲロウデイズ,Kagerou Daze,かげろうでいず,1222,false,vocaloid,normal,4.0
カゲロウデイズ,Kagerou Daze,かげろうでいず,1222,false,vocaloid,hard,9.5
カゲロウデイズ,Kagerou Daze,かげろうでいず,1222,false,vocaloid,expert,11.3
天ノ弱,Amanojaku,あまのじゃく,1272,false,vocaloid,normal,3.0
天ノ弱,Amanojaku,あまのじゃく,1272,false,vocaloid,hard,7.3
天ノ弱,Amanojaku,あまのじゃく,1272,false,vocaloid,expert,10.1
ゴーストルール,Ghost Rule,ごーすとるーる,1013,false,vocaloid,normal,3.0
ゴーストルール,Ghost Rule,ごーすとるーる,1013,false,vocaloid,hard,9.0
ゴーストルール,Ghost Rule,ごーすとるーる,1013,false,vocaloid,expert,11.6
ロストワンの号哭,Lost One no Goukoku,ろすとわんのごうこく,1207,false,vocaloid,normal,4.0
ロストワンの号哭,Lost One no Goukoku,ろすとわんのごうこく,1207,false,vocaloid,hard,8.3
ロストワンの号哭,Lost One no Goukoku,ろすとわんのごうこく,1207,false,vocaloid,expert,12.2
いーあるふぁんくらぶ,Yi Er Fanclub,いーあるふぁんくらぶ,1208,false,vocaloid,normal,2.0
いーあるふぁんくらぶ,Yi Er Fanclub,いーあるふぁんくらぶ,1208,false,vocaloid,hard,6.5
いーあるふぁんくらぶ,Yi Er Fanclub,いーあるふぁんくらぶ,1208,false,vocaloid,expert,10.0
初音ミクの消失,Hatsune Miku no Shoshitsu,はつねみくのしょうしつ,1030,false,vocaloid,normal,5.0
初音ミクの消失,Hatsune Miku no Shoshitsu,はつねみくのしょうしつ,1030,false,vocaloid,hard,10.6
初音ミクの消失,Hatsune Miku no Shoshitsu,はつねみくのしょうしつ,1030,false,vocaloid,expert,13.8
アカリがやってきたぞっ,Akari ga Yatte Kita-zo!,あかりがやってきたぞ,1037,false,vocaloid,normal,3.0
アカリがやってきたぞっ,Akari ga Yatte Kita-zo!,あかりがやってきたぞ,1037,false,vocaloid,hard,8.5
アカリがやってきたぞっ,Akari ga Yatte Kita-zo!,あかりがやってきたぞ,1037,false,vocaloid,expert,11.2
太陽系デスコ,Taiyou-kei Disco,たいようけいですこ,1016,false,vocaloid,normal,2.0
太陽系デスコ,Taiyou-kei Disco,たいようけいですこ,1016,false,vocaloid,hard,7.4
太陽系デスコ,Taiyou-kei Disco,たいようけいですこ,1016,false,vocaloid,expert,10.7
幸せになれる隠しコマンドがあるらしい,Shiawase ni Nareru Kakushi Command ga Aru Rashii,しあわせになれるかくしこまんどがあるらしい,1093,false,vocaloid,normal,5.0
幸せになれる隠しコマンドがあるらしい,Shiawase ni Nareru Kakushi Command ga Aru Rashii,しあわせになれるかくしこまんどがあるらしい,1093,false,vocaloid,hard,10.5
幸せになれる隠しコマンドがあるらしい,Shiawase ni Nareru Kakushi Command ga Aru Rashii,しあわせになれるかくしこまんどがあるらしい,1093,false,vocaloid,expert,13.3
千本桜,Senbon-zakura,せんぼんざくら,7,false,vocaloid,normal,2.0
千本桜,Senbon-zakura,せんぼんざくら,7,false,vocaloid,hard,7.9
千本桜,Senbon-zakura,せんぼんざくら,7,false,vocaloid,expert,10.4
エイリアンエイリアン,Alien Alien,えいりあんえいりあん,27,false,vocaloid,normal,2.0
エイリアンエイリアン,Alien Alien,えいりあんえいりあん,27,false,vocaloid,hard,6.7
エイリアンエイリアン,Alien Alien,えいりあんえいりあん,27,false,vocaloid,expert,10.5
砂の惑星 feat. 初音ミク,Suna no Wakusei feat. Hatsune Miku,すなのわくせい,30,false,vocaloid,normal,3.0
砂の惑星 feat. 初音ミク,Suna no Wakusei feat. Hatsune Miku,すなのわくせい,30,false,vocaloid,hard,8.7
砂の惑星 feat. 初音ミク,Suna no Wakusei feat. Hatsune Miku,すなのわくせい,30,false,vocaloid,expert,10.5
マトリョシカ,Matryoshka,まとりょしか,31,false,vocaloid,normal,3.0
マトリョシカ,Matryoshka,まとりょしか,31,false,vocaloid,hard,8.2
マトリョシカ,Matryoshka,まとりょしか,31,false,vocaloid,expert,10.4
Seyana. ～何でも言うことを聞いてくれるアカネチャン～,Seyana. - Nandemo Iukoto wo Kiite Kureru Akane-chan -,ＳＥＹＡＮＡなんでもいうことをきいてくれるあかねちゃん,1036,false,vocaloid,normal,2.0
Seyana. ～何でも言うことを聞いてくれるアカネチャン～,Seyana. - Nandemo Iukoto wo Kiite Kureru Akane-chan -,ＳＥＹＡＮＡなんでもいうことをきいてくれるあかねちゃん,1036,false,vocaloid,hard,9.3
Seyana. ～何でも言うことを聞いてくれるアカネチャン～,Seyana. - Nandemo Iukoto wo Kiite Kureru Akane-chan -,ＳＥＹＡＮＡなんでもいうことをきいてくれるあかねちゃん,1036,false,vocaloid,expert,11.7
フラジール,Fragile,ふらじーる,1041,false,vocaloid,normal,1.0
フラジール,Fragile,ふらじーる,1041,false,vocaloid,hard,7.0
フラジール,Fragile,ふらじーる,1041,false,vocaloid,expert,10.3
ロキ,Roki,ろき,1014,false,vocaloid,normal,4.0
ロキ,Roki,ろき,1014,false,vocaloid,hard,9.4
ロキ,Roki,ろき,1014,false,vocaloid,expert,11.6
ウミユリ海底譚,Umiyuri Kaitei-tan,うみゆりかいていたん,1035,false,vocaloid,normal,1.0
ウミユリ海底譚,Umiyuri Kaitei-tan,うみゆりかいていたん,1035,false,vocaloid,hard,7.1
ウミユリ海底譚,Umiyuri Kaitei-tan,うみゆりかいていたん,1035,false,vocaloid,expert,10.2
Grip & Break down !!,,ＧＲＩＰＢＲＥＡＫＤＯＷＮ,3004,true,touhou,normal,3.0
Grip & Break down !!,,ＧＲＩＰＢＲＥＡＫＤＯＷＮ,3004,true,touhou,hard,8.5
Grip & Break down !!,,ＧＲＩＰＢＲＥＡＫＤＯＷＮ,3004,true,touhou,expert,12.0
CENSORED!!,,ＣＥＮＳＯＲＥＤ,3059,true,touhou,normal,4.0
CENSORED!!,,ＣＥＮＳＯＲＥＤ,3059,true,touhou,hard,8.7
CENSORED!!,,ＣＥＮＳＯＲＥＤ,3059,true,touhou,expert,13.4
Crime Wave,,ＣＲＩＭＥＷＡＶＥ,3029,true,touhou,normal,3.0
Crime Wave,,ＣＲＩＭＥＷＡＶＥ,3029,true,touhou,hard,8.1
Crime Wave,,ＣＲＩＭＥＷＡＶＥ,3029,true,touhou,expert,12.7
チルノは覚醒サマーデイズ！,Cirno wa Kakusei Summer Days!,ちるのはかくせいさまーでいず,2222,true,touhou,normal,3.0
チルノは覚醒サマーデイズ！,Cirno wa Kakusei Summer Days!,ちるのはかくせいさまーでいず,2222,true,touhou,hard,8.6
チルノは覚醒サマーデイズ！,Cirno wa Kakusei Summer Days!,ちるのはかくせいさまーでいず,2222,true,touhou,expert,12.3
エピクロスの虹はもう見えない,Epikouros no Niji wa Mou Mienai,えぴくろすのにじはもうみえない,2223,true,touhou,normal,3.0
エピクロスの虹はもう見えない,Epikouros no Niji wa Mou Mienai,えぴくろすのにじはもうみえない,2223,true,touhou,hard,8.4
エピクロスの虹はもう見えない,Epikouros no Niji wa Mou Mienai,えぴくろすのにじはもうみえない,2223,true,touhou,expert,11.3
ARROW RAIN feat.ayame,,ＡＲＲＯＷＲＡＩＮ,2224,true,touhou,normal,5.0
ARROW RAIN feat.ayame,,ＡＲＲＯＷＲＡＩＮ,2224,true,touhou,hard,9.2
ARROW RAIN feat.ayame,,ＡＲＲＯＷＲＡＩＮ,2224,true,touhou,expert,12.6
四次元跳躍機関,Yo-jigen Chouyaku Kikan,よじげんちょうやくきこう,2225,true,touhou,normal,2.0
四次元跳躍機関,Yo-jigen Chouyaku Kikan,よじげんちょうやくきこう,2225,true,touhou,hard,9.1
四次元跳躍機関,Yo-jigen Chouyaku Kikan,よじげんちょうやくきこう,2225,true,touhou,expert,12.7
Destructive Little Sister,,ＤＥＳＴＲＵＣＴＩＶＥＬＩＴＴＬＥＳＩＳＴＥＲ,2226,true,touhou,normal,5.0
Destructive Little Sister,,ＤＥＳＴＲＵＣＴＩＶＥＬＩＴＴＬＥＳＩＳＴＥＲ,2226,true,touhou,hard,10.9
Destructive Little Sister,,ＤＥＳＴＲＵＣＴＩＶＥＬＩＴＴＬＥＳＩＳＴＥＲ,2226,true,touhou,expert,13.9
物凄い勢いでけーねが物凄いうた,Monosugoi Ikioi de Keine ga Monosugoi Uta,ものすごいいきおいでけーねがものすごいうた,2039,true,touhou,normal,4.0
物凄い勢いでけーねが物凄いうた,Monosugoi Ikioi de Keine ga Monosugoi Uta,ものすごいいきおいでけーねがものすごいうた,2039,true,touhou,hard,9.9
物凄い勢いでけーねが物凄いうた,Monosugoi Ikioi de Keine ga Monosugoi Uta,ものすごいいきおいでけーねがものすごいうた,2039,true,touhou,expert,12.2
患部で止まってすぐ溶ける ～ 狂気の優曇華院,Kanbu de Tomatte Sugu Tokeru - Kyouki no Udongein,かんぶでとまってすぐとけるきょうきのうどんげいん,2038,true,touhou,normal,3.0
患部で止まってすぐ溶ける ～ 狂気の優曇華院,Kanbu de Tomatte Sugu Tokeru - Kyouki no Udongein,かんぶでとまってすぐとけるきょうきのうどんげいん,2038,true,touhou,hard,9.8
患部で止まってすぐ溶ける ～ 狂気の優曇華院,Kanbu de Tomatte Sugu Tokeru - Kyouki no Udongein,かんぶでとまってすぐとけるきょうきのうどんげいん,2038,true,touhou,expert,13.2
Scream out!,,ＳＣＲＥＡＭＯＵＴ！,2206,true,touhou,normal,4.0
Scream out!,,ＳＣＲＥＡＭＯＵＴ！,2206,true,touhou,hard,8.1
Scream out!,,ＳＣＲＥＡＭＯＵＴ！,2206,true,touhou,expert,12.8
ホイホイ☆幻想ホロイズム,Hoi-hoi Gensou Holo-ism,ほいほい☆げんそうほろいずむ,2092,true,touhou,normal,3.0
ホイホイ☆幻想ホロイズム,Hoi-hoi Gensou Holo-ism,ほいほい☆げんそうほろいずむ,2092,true,touhou,hard,7.7
ホイホイ☆幻想ホロイズム,Hoi-hoi Gensou Holo-ism,ほいほい☆げんそうほろいずむ,2092,true,touhou,expert,12.7
"Help me, ERINNNNNN!!",,ＨＥＬＰＭＥＥＲＩＮＮＮＮＮＮ,2042,true,touhou,normal,3.0
"Help me, ERINNNNNN!!",,ＨＥＬＰＭＥＥＲＩＮＮＮＮＮＮ,2042,true,touhou,hard,7.7
"Help me, ERINNNNNN!!",,ＨＥＬＰＭＥＥＲＩＮＮＮＮＮＮ,2042,true,touhou,expert,11.6
進捗どうですか？,Shinchoku Doudesu-ka?,しんちょくどうですか,1240,true,touhou,normal,3.0
進捗どうですか？,Shinchoku Doudesu-ka?,しんちょくどうですか,1240,true,touhou,hard,8.6
進捗どうですか？,Shinchoku Doudesu-ka?,しんちょくどうですか,1240,true,touhou,expert,12.5
Sweet Requiem,,ＳＷＥＥＴＲＥＱＵＩＥＭ,2040,true,touhou,normal,3.0
Sweet Requiem,,ＳＷＥＥＴＲＥＱＵＩＥＭ,2040,true,touhou,hard,9.2
Sweet Requiem,,ＳＷＥＥＴＲＥＱＵＩＥＭ,2040,true,touhou,expert,12.7
明星ロケット,Akeboshi Rocket,あけぼしろけっと,2008,true,touhou,normal,2.0
明星ロケット,Akeboshi Rocket,あけぼしろけっと,2008,true,touhou,hard,7.5
明星ロケット,Akeboshi Rocket,あけぼしろけっと,2008,true,touhou,expert,11.7
ゆけむり魂温泉 II,Yukemuri Tama-onsen II,ゆけむりたまおんせんつー,2007,true,touhou,normal,3.0
ゆけむり魂温泉 II,Yukemuri Tama-onsen II,ゆけむりたまおんせんつー,2007,true,touhou,hard,7.5
ゆけむり魂温泉 II,Yukemuri Tama-onsen II,ゆけむりたまおんせんつー,2007,true,touhou,expert,12.0
Calamity Fortune,,ＣＡＬＡＭＩＴＹＦＯＲＴＵＮＥ,2009,true,touhou,normal,4.0
Calamity Fortune,,ＣＡＬＡＭＩＴＹＦＯＲＴＵＮＥ,2009,true,touhou,hard,10.0
Calamity Fortune,,ＣＡＬＡＭＩＴＹＦＯＲＴＵＮＥ,2009,true,touhou,expert,13.7
ケロ⑨Destiny,Kero 9 Destiny,けろきゅうでぃすてぃにー,1226,true,touhou,normal,2.0
ケロ⑨Destiny,Kero 9 Destiny,けろきゅうでぃすてぃにー,1226,true,touhou,hard,6.2
ケロ⑨Destiny,Kero 9 Destiny,けろきゅうでぃすてぃにー,1226,true,touhou,expert,11.7
風に乗せた願い,Kaze ni Noseta Negai,かぜにのせたねがい,1274,true,touhou,normal,3.0
風に乗せた願い,Kaze ni Noseta Negai,かぜにのせたねがい,1274,true,touhou,hard,7.1
風に乗せた願い,Kaze ni Noseta Negai,かぜにのせたねがい,1274,true,touhou,expert,10.3
LOVE EAST,,ＬＯＶＥＥＡＳＴ,1227,true,touhou,normal,3.0
LOVE EAST,,ＬＯＶＥＥＡＳＴ,1227,true,touhou,hard,7.3
LOVE EAST,,ＬＯＶＥＥＡＳＴ,1227,true,touhou,expert,11.0
天狗の落とし文 feat. ytr,Tengu no Otoshi-bumi feat. ytr,てんぐのおとしぶみ,1228,true,touhou,normal,3.0
天狗の落とし文 feat. ytr,Tengu no Otoshi-bumi feat. ytr,てんぐのおとしぶみ,1228,true,touhou,hard,8.2
天狗の落とし文 feat. ytr,Tengu no Otoshi-bumi feat. ytr,てんぐのおとしぶみ,1228,true,touhou,expert,12.1
神寂,Shinjaku,かんさび,1229,true,touhou,normal,4.0
神寂,Shinjaku,かんさび,1229,true,touhou,hard,10.8
神寂,Shinjaku,かんさび,1229,true,touhou,expert,13.5
悪戯センセーション,Itazura Sensation,いたずらせんせーしょん,1210,true,touhou,normal,2.0
悪戯センセーション,Itazura Sensation,いたずらせんせーしょん,1210,true,touhou,hard,8.6
悪戯センセーション,Itazura Sensation,いたずらせんせーしょん,1210,true,touhou,expert,12.3
ナイト・オブ・ナイツ (かめりあ’s“ワンス・アポン・ア・ナイト”Remix),Night/Knight of Nights/Knights (Camellia's Once-Upon-A-Night Remix),ないとおぶないつかめりあずわんすあぽんあないと,1265,true,touhou,normal,5.0
ナイト・オブ・ナイツ (かめりあ’s“ワンス・アポン・ア・ナイト”Remix),Night/Knight of Nights/Knights (Camellia's Once-Upon-A-Night Remix),ないとおぶないつかめりあずわんすあぽんあないと,1265,true,touhou,hard,10.5
ナイト・オブ・ナイツ (かめりあ’s“ワンス・アポン・ア・ナイト”Remix),Night/Knight of Nights/Knights (Camellia's Once-Upon-A-Night Remix),ないとおぶないつかめりあずわんすあぽんあないと,1265,true,touhou,expert,13.1
Mami Mami Zone,,ＭＡＭＩＭＡＭＩＺＯＮＥ,1211,true,touhou,normal,4.0
Mami Mami Zone,,ＭＡＭＩＭＡＭＩＺＯＮＥ,1211,true,touhou,hard,9.2
Mami Mami Zone,,ＭＡＭＩＭＡＭＩＺＯＮＥ,1211,true,touhou,expert,11.4
チルノのパーフェクトさんすう教室,Cirno no Perfect Sansuu Kyoshitsu,ちるののぱーふぇくとさんすうきょうしつ,1107,true,touhou,normal,3.0
チルノのパーフェクトさんすう教室,Cirno no Perfect Sansuu Kyoshitsu,ちるののぱーふぇくとさんすうきょうしつ,1107,true,touhou,hard,9.2
チルノのパーフェクトさんすう教室,Cirno no Perfect Sansuu Kyoshitsu,ちるののぱーふぇくとさんすうきょうしつ,1107,true,touhou,expert,11.5
待チ人ハ来ズ。,Machi-bito wa Kozu.,まちびとはこず,1118,true,touhou,normal,2.0
待チ人ハ来ズ。,Machi-bito wa Kozu.,まちびとはこず,1118,true,touhou,hard,6.4
待チ人ハ来ズ。,Machi-bito wa Kozu.,まちびとはこず,1118,true,touhou,expert,10.5
taboo tears you up 2017,,ＴＡＢＯＯＴＥＡＲＳＹＯＵＵＰ２０１７,1108,true,touhou,normal,4.0
taboo tears you up 2017,,ＴＡＢＯＯＴＥＡＲＳＹＯＵＵＰ２０１７,1108,true,touhou,hard,9.8
taboo tears you up 2017,,ＴＡＢＯＯＴＥＡＲＳＹＯＵＵＰ２０１７,1108,true,touhou,expert,12.4
Bad Apple!! feat. nomico,,ＢＡＤＡＰＰＬＥＦＥＡＴＮＯＭＩＣＯ,1001,true,touhou,normal,1.0
Bad Apple!! feat. nomico,,ＢＡＤＡＰＰＬＥＦＥＡＴＮＯＭＩＣＯ,1001,true,touhou,hard,5.5
Bad Apple!! feat. nomico,,ＢＡＤＡＰＰＬＥＦＥＡＴＮＯＭＩＣＯ,1001,true,touhou,expert,9.3
ナイト・オブ・ナイツ,Night/Knight of Nights/Knights,ないとおぶないつ,1002,true,touhou,normal,3.0
ナイト・オブ・ナイツ,Night/Knight of Nights/Knights,ないとおぶないつ,1002,true,touhou,hard,9.0
ナイト・オブ・ナイツ,Night/Knight of Nights/Knights,ないとおぶないつ,1002,true,touhou,expert,12.0
WARNING×WARNING×WARNING,,ＷＡＲＮＩＮＧＷＡＲＮＩＮＧＷＡＲＮＩＮＧ,1119,true,touhou,normal,3.0
WARNING×WARNING×WARNING,,ＷＡＲＮＩＮＧＷＡＲＮＩＮＧＷＡＲＮＩＮＧ,1119,true,touhou,hard,7.7
WARNING×WARNING×WARNING,,ＷＡＲＮＩＮＧＷＡＲＮＩＮＧＷＡＲＮＩＮＧ,1119,true,touhou,expert,11.5
シャカリキ・ファイト・ブンブン,Shakariki Fight Bun-bun,しゃかりきふぁいとぶんぶん,2075,false,2_5_dimension,normal,3.0
シャカリキ・ファイト・ブンブン,Shakariki Fight Bun-bun,しゃかりきふぁいとぶんぶん,2075,false,2_5_dimension,hard,6.7
シャカリキ・ファイト・ブンブン,Shakariki Fight Bun-bun,しゃかりきふぁいとぶんぶん,2075,false,2_5_dimension,expert,11.7
ニュー・ウェーブ,New Wave,にゅーうぇーぶ,2065,false,2_5_dimension,normal,2.0
ニュー・ウェーブ,New Wave,にゅーうぇーぶ,2065,false,2_5_dimension,hard,6.1
ニュー・ウェーブ,New Wave,にゅーうぇーぶ,2065,false,2_5_dimension,expert,9.3
ガンガン・ドンドン,Gan-gan Don-don,がんがんどんどん,1102,false,2_5_dimension,normal,2.0
ガンガン・ドンドン,Gan-gan Don-don,がんがんどんどん,1102,false,2_5_dimension,hard,6.0
ガンガン・ドンドン,Gan-gan Don-don,がんがんどんどん,1102,false,2_5_dimension,expert,9.7
スマイル・アンド・ティアズ,Smile and Tears,すまいるあんどてぃあず,1278,false,2_5_dimension,normal,2.0
スマイル・アンド・ティアズ,Smile and Tears,すまいるあんどてぃあず,1278,false,2_5_dimension,hard,6.1
スマイル・アンド・ティアズ,Smile and Tears,すまいるあんどてぃあず,1278,false,2_5_dimension,expert,9.5
STILL HOT IN MY HEART,,ＳＴＩＬＬＨＯＴＩＮＭＹＨＥＡＲＴ,1279,false,2_5_dimension,normal,3.0
STILL HOT IN MY HEART,,ＳＴＩＬＬＨＯＴＩＮＭＹＨＥＡＲＴ,1279,false,2_5_dimension,hard,7.3
STILL HOT IN MY HEART,,ＳＴＩＬＬＨＯＴＩＮＭＹＨＥＡＲＴ,1279,false,2_5_dimension,expert,10.3
Over the sweat and tears,,ＯＶＥＲＴＨＥＳＷＥＡＴＡＮＤＴＥＡＲＳ,1126,false,2_5_dimension,normal,1.0
Over the sweat and tears,,ＯＶＥＲＴＨＥＳＷＥＡＴＡＮＤＴＥＡＲＳ,1126,false,2_5_dimension,hard,5.6
Over the sweat and tears,,ＯＶＥＲＴＨＥＳＷＥＡＴＡＮＤＴＥＡＲＳ,1126,false,2_5_dimension,expert,9.4
ファムファタール,Femme Fatale,ふぁむふぁたーる,3056,true,variety,normal,3.0
ファムファタール,Femme Fatale,ふぁむふぁたーる,3056,true,variety,hard,8.0
ファムファタール,Femme Fatale,ふぁむふぁたーる,3056,true,variety,expert,11.1
アゲナゲン,Agenagen,ＡＧＡＩＮＡＮＤＡＧＡＩＮ,3055,true,variety,normal,4.0
アゲナゲン,Agenagen,ＡＧＡＩＮＡＮＤＡＧＡＩＮ,3055,true,variety,hard,10.5
アゲナゲン,Agenagen,ＡＧＡＩＮＡＮＤＡＧＡＩＮ,3055,true,variety,expert,13.5
花たちに希望を,Hana Tachi ni Kibou wo,はなたちにきぼうを,3027,true,variety,normal,3.0
花たちに希望を,Hana Tachi ni Kibou wo,はなたちにきぼうを,3027,true,variety,hard,9.8
花たちに希望を,Hana Tachi ni Kibou wo,はなたちにきぼうを,3027,true,variety,expert,12.4
NightTheater,,ＮＩＧＨＴＴＨＥＡＴＥＲ,3042,true,variety,normal,3.0
NightTheater,,ＮＩＧＨＴＴＨＥＡＴＥＲ,3042,true,variety,hard,10.0
NightTheater,,ＮＩＧＨＴＴＨＥＡＴＥＲ,3042,true,variety,expert,13.0
恋のMoonlight,Koi no Moonlight,こいのＭＯＯＮＬＩＧＨＴ,3039,true,variety,normal,2.0
恋のMoonlight,Koi no Moonlight,こいのＭＯＯＮＬＩＧＨＴ,3039,true,variety,hard,8.0
恋のMoonlight,Koi no Moonlight,こいのＭＯＯＮＬＩＧＨＴ,3039,true,variety,expert,11.8
Comet Coaster,,ＣＯＭＥＴＣＯＡＳＴＥＲ,3038,true,variety,normal,5.0
Comet Coaster,,ＣＯＭＥＴＣＯＡＳＴＥＲ,3038,true,variety,hard,9.9
Comet Coaster,,ＣＯＭＥＴＣＯＡＳＴＥＲ,3038,true,variety,expert,13.3
XODUS,,ＸＯＤＵＳ,3037,true,variety,normal,5.0
XODUS,,ＸＯＤＵＳ,3037,true,variety,hard,11.0
XODUS,,ＸＯＤＵＳ,3037,true,variety,expert,14.0
Lights of Muse,,ＬＩＧＨＴＯＦＭＵＳＥ,3036,true,variety,normal,3.0
Lights of Muse,,ＬＩＧＨＴＯＦＭＵＳＥ,3036,true,variety,hard,9.9
Lights of Muse,,ＬＩＧＨＴＯＦＭＵＳＥ,3036,true,variety,expert,12.0
The 90's Decision,,ＴＨＥ９０ＳＤＥＣＩＳＩＯＮ,3041,true,variety,normal,4.0
The 90's Decision,,ＴＨＥ９０ＳＤＥＣＩＳＩＯＮ,3041,true,variety,hard,9.5
The 90's Decision,,ＴＨＥ９０ＳＤＥＣＩＳＩＯＮ,3041,true,variety,expert,13.5
粉骨砕身カジノゥ,Funkotsu-saishin Casino,ふんこつさいしんかじのぅ,3040,true,variety,normal,3.0
粉骨砕身カジノゥ,Funkotsu-saishin Casino,ふんこつさいしんかじのぅ,3040,true,variety,hard,8.1
粉骨砕身カジノゥ,Funkotsu-saishin Casino,ふんこつさいしんかじのぅ,3040,true,variety,expert,13.6
Avant Raze,,ＡＶＡＮＴＲＡＺＥ,3017,true,variety,normal,3.0
Avant Raze,,ＡＶＡＮＴＲＡＺＥ,3017,true,variety,hard,8.0
Avant Raze,,ＡＶＡＮＴＲＡＺＥ,3017,true,variety,expert,12.6
#1f1e33,Color Code,１Ｆ１Ｅ３３,3018,true,variety,normal,3.0
#1f1e33,Color Code,１Ｆ１Ｅ３３,3018,true,variety,hard,10.9
#1f1e33,Color Code,１Ｆ１Ｅ３３,3018,true,variety,expert,13.9
Arcahv,,ＡＲＣＡＨＶ,3019,true,variety,normal,3.0
Arcahv,,ＡＲＣＡＨＶ,3019,true,variety,hard,10.5
Arcahv,,ＡＲＣＡＨＶ,3019,true,variety,expert,13.6
最強STRONGER,Saikyou STRONGER,さいきょうＳＴＲＯＮＧＥＲ,3020,true,variety,normal,5.0
最強STRONGER,Saikyou STRONGER,さいきょうＳＴＲＯＮＧＥＲ,3020,true,variety,hard,10.6
最強STRONGER,Saikyou STRONGER,さいきょうＳＴＲＯＮＧＥＲ,3020,true,variety,expert,14.0
Let you DIVE! (nitro rmx),,ＬＥＴＹＯＵＤＩＶＥ！ＮＩＴＲＯＲＭＸ,3022,true,variety,normal,4.0
Let you DIVE! (nitro rmx),,ＬＥＴＹＯＵＤＩＶＥ！ＮＩＴＲＯＲＭＸ,3022,true,variety,hard,8.7
Let you DIVE! (nitro rmx),,ＬＥＴＹＯＵＤＩＶＥ！ＮＩＴＲＯＲＭＸ,3022,true,variety,expert,12.8
Sheriruth (Laur Remix),,ＳＨＥＲＩＲＵＴＨ,3021,true,variety,normal,4.0
Sheriruth (Laur Remix),,ＳＨＥＲＩＲＵＴＨ,3021,true,variety,hard,10.3
Sheriruth (Laur Remix),,ＳＨＥＲＩＲＵＴＨ,3021,true,variety,expert,13.3
さんさーら！,Samsara!,さんさーら！,2256,false,variety,normal,2.0
さんさーら！,Samsara!,さんさーら！,2256,false,variety,hard,7.9
さんさーら！,Samsara!,さんさーら！,2256,false,variety,expert,12.4
Night Club Junkie,,ＮＩＧＨＴＣＬＵＢＪＵＮＫＩＥ,2229,false,variety,normal,2.0
Night Club Junkie,,ＮＩＧＨＴＣＬＵＢＪＵＮＫＩＥ,2229,false,variety,hard,6.8
Night Club Junkie,,ＮＩＧＨＴＣＬＵＢＪＵＮＫＩＥ,2229,false,variety,expert,12.5
PUPA,,ＰＵＰＡ,2085,true,variety,normal,4.0
PUPA,,ＰＵＰＡ,2085,true,variety,hard,8.6
PUPA,,ＰＵＰＡ,2085,true,variety,expert,13.7
Destr0yer,,ＤＥＳＴＲ０ＹＥＲ,2217,true,variety,normal,5.0
Destr0yer,,ＤＥＳＴＲ０ＹＥＲ,2217,true,variety,hard,8.7
Destr0yer,,ＤＥＳＴＲ０ＹＥＲ,2217,true,variety,expert,13.0
もぺもぺ,Mope-mope,もぺもぺ,2218,true,variety,normal,4.0
もぺもぺ,Mope-mope,もぺもぺ,2218,true,variety,hard,8.2
もぺもぺ,Mope-mope,もぺもぺ,2218,true,variety,expert,12.7
MAGENTA POTION,,ＭＡＧＥＮＴＡＰＯＴＩＯＮ,2207,true,variety,normal,4.0
MAGENTA POTION,,ＭＡＧＥＮＴＡＰＯＴＩＯＮ,2207,true,variety,hard,8.1
MAGENTA POTION,,ＭＡＧＥＮＴＡＰＯＴＩＯＮ,2207,true,variety,expert,12.6
進捗WARS feat．ビートまりお,Shinchoku WARS feat. Beat Mario,しんちょくＷＡＲＳＦＥＡＴ．びーとまりお,1241,true,variety,normal,3.0
進捗WARS feat．ビートまりお,Shinchoku WARS feat. Beat Mario,しんちょくＷＡＲＳＦＥＡＴ．びーとまりお,1241,true,variety,hard,7.0
進捗WARS feat．ビートまりお,Shinchoku WARS feat. Beat Mario,しんちょくＷＡＲＳＦＥＡＴ．びーとまりお,1241,true,variety,expert,11.5
Apocalypse,,ＡＰＯＣＡＬＹＰＳＥ,2080,true,variety,normal,2.0
Apocalypse,,ＡＰＯＣＡＬＹＰＳＥ,2080,true,variety,hard,7.6
Apocalypse,,ＡＰＯＣＡＬＹＰＳＥ,2080,true,variety,expert,12.4
You are the Miserable,,ＹＯＵＡＲＥＴＨＥＭＩＳＥＲＡＢＬＥ,2082,true,variety,normal,3.0
You are the Miserable,,ＹＯＵＡＲＥＴＨＥＭＩＳＥＲＡＢＬＥ,2082,true,variety,hard,10.0
You are the Miserable,,ＹＯＵＡＲＥＴＨＥＭＩＳＥＲＡＢＬＥ,2082,true,variety,expert,13.9
Stasis,,ＳＴＡＳＩＳ,2083,true,variety,normal,3.0
Stasis,,ＳＴＡＳＩＳ,2083,true,variety,hard,10.2
Stasis,,ＳＴＡＳＩＳ,2083,true,variety,expert,13.6
Rainmaker,,ＲＡＩＮＭＡＫＥＲ,2081,true,variety,normal,4.0
Rainmaker,,ＲＡＩＮＭＡＫＥＲ,2081,true,variety,hard,9.9
Rainmaker,,ＲＡＩＮＭＡＫＥＲ,2081,true,variety,expert,13.5
Weg,,ＷＥＧ,2079,true,variety,normal,3.0
Weg,,ＷＥＧ,2079,true,variety,hard,8.6
Weg,,ＷＥＧ,2079,true,variety,expert,12.3
From Zero feat. 利香,,ＦＲＯＭＺＥＲＯＦＥＡＴＲＩＫＡ,2071,true,variety,normal,3.0
From Zero feat. 利香,,ＦＲＯＭＺＥＲＯＦＥＡＴＲＩＫＡ,2071,true,variety,hard,7.7
From Zero feat. 利香,,ＦＲＯＭＺＥＲＯＦＥＡＴＲＩＫＡ,2071,true,variety,expert,11.8
PRESS START!,,ＰＲＥＳＳＳＴＡＲＴ,2072,false,variety,normal,4.0
PRESS START!,,ＰＲＥＳＳＳＴＡＲＴ,2072,false,variety,hard,8.7
PRESS START!,,ＰＲＥＳＳＳＴＡＲＴ,2072,false,variety,expert,12.7
TWISTSTEP,,ＴＷＩＳＴＥＰ,2073,false,variety,normal,3.0
TWISTSTEP,,ＴＷＩＳＴＥＰ,2073,false,variety,hard,8.8
TWISTSTEP,,ＴＷＩＳＴＥＰ,2073,false,variety,expert,12.7
Future Cαndy,Future Candy,ＦＵＴＵＲＥＣＡＮＤＹ,2074,false,variety,normal,3.0
Future Cαndy,Future Candy,ＦＵＴＵＲＥＣＡＮＤＹ,2074,false,variety,hard,9.1
Future Cαndy,Future Candy,ＦＵＴＵＲＥＣＡＮＤＹ,2074,false,variety,expert,12.7
Fish Fight!,,ＦＩＳＨＦＩＧＨＴ,2059,false,variety,normal,4.0
Fish Fight!,,ＦＩＳＨＦＩＧＨＴ,2059,false,variety,hard,9.0
Fish Fight!,,ＦＩＳＨＦＩＧＨＴ,2059,false,variety,expert,11.6
THERAPY,,ＴＨＥＲＡＰＹ,2060,false,variety,normal,4.0
THERAPY,,ＴＨＥＲＡＰＹ,2060,false,variety,hard,9.1
THERAPY,,ＴＨＥＲＡＰＹ,2060,false,variety,expert,12.7
グルーヴ・ザ・ハート,Groove the Heart,ぐるーヴざはーと,2090,true,variety,normal,4.0
グルーヴ・ザ・ハート,Groove the Heart,ぐるーヴざはーと,2090,true,variety,hard,8.5
グルーヴ・ザ・ハート,Groove the Heart,ぐるーヴざはーと,2090,true,variety,expert,12.5
Got more raves?,,ＧＯTＭＯＲＥＲＡＶＥＳ？,2089,true,variety,normal,6.0
Got more raves?,,ＧＯTＭＯＲＥＲＡＶＥＳ？,2089,true,variety,hard,10.9
Got more raves?,,ＧＯTＭＯＲＥＲＡＶＥＳ？,2089,true,variety,expert,13.5
"Good Night, Bad Luck.",,ＧＯＯＤＮＩＧＨＴＢＡＤＬＵＣＫ,2088,true,variety,normal,5.0
"Good Night, Bad Luck.",,ＧＯＯＤＮＩＧＨＴＢＡＤＬＵＣＫ,2088,true,variety,hard,10.7
"Good Night, Bad Luck.",,ＧＯＯＤＮＩＧＨＴＢＡＤＬＵＣＫ,2088,true,variety,expert,13.7
Grayed Out-Antifront-,,ＧＲＡＹＥＤＯＵＴ,2010,true,variety,normal,3.0
Grayed Out-Antifront-,,ＧＲＡＹＥＤＯＵＴ,2010,true,variety,hard,9.6
Grayed Out-Antifront-,,ＧＲＡＹＥＤＯＵＴ,2010,true,variety,expert,13.2
インドア系ならトラックメイカー,Indoor-kei nara Trackmaker,いんどあけいならとらっくめいかー,2011,false,variety,normal,2.0
インドア系ならトラックメイカー,Indoor-kei nara Trackmaker,いんどあけいならとらっくめいかー,2011,false,variety,hard,7.5
インドア系ならトラックメイカー,Indoor-kei nara Trackmaker,いんどあけいならとらっくめいかー,2011,false,variety,expert,12.9
ダンシング☆サムライ,Dancing Samurai,だんしんぐさむらい,1254,false,variety,normal,3.0
ダンシング☆サムライ,Dancing Samurai,だんしんぐさむらい,1254,false,variety,hard,7.7
ダンシング☆サムライ,Dancing Samurai,だんしんぐさむらい,1254,false,variety,expert,10.5
WHITE,,ＷＨＩＴＥ,1255,true,variety,normal,3.0
WHITE,,ＷＨＩＴＥ,1255,true,variety,hard,8.0
WHITE,,ＷＨＩＴＥ,1255,true,variety,expert,10.5
Brain Power,,ＢＲＡＩＮＰＯＷＥＲ,1116,true,variety,normal,4.0
Brain Power,,ＢＲＡＩＮＰＯＷＥＲ,1116,true,variety,hard,9.7
Brain Power,,ＢＲＡＩＮＰＯＷＥＲ,1116,true,variety,expert,13.0
聖者の鼓動,Seija no Kodo,せいじゃのこどう,1261,true,variety,normal,2.0
聖者の鼓動,Seija no Kodo,せいじゃのこどう,1261,true,variety,hard,7.6
聖者の鼓動,Seija no Kodo,せいじゃのこどう,1261,true,variety,expert,12.4
BUCHiGiRE Berserker,,ＢＵＣＨＩＧＩＲＥＢＥＲＳＥＲＫＥＲ,1263,true,variety,normal,4.0
BUCHiGiRE Berserker,,ＢＵＣＨＩＧＩＲＥＢＥＲＳＥＲＫＥＲ,1263,true,variety,hard,10.9
BUCHiGiRE Berserker,,ＢＵＣＨＩＧＩＲＥＢＥＲＳＥＲＫＥＲ,1263,true,variety,expert,13.9
君のStarlight Road,Kimi no Starlight Road,きみのすたーらいとろーど,1260,true,variety,normal,3.0
君のStarlight Road,Kimi no Starlight Road,きみのすたーらいとろーど,1260,true,variety,hard,8.2
君のStarlight Road,Kimi no Starlight Road,きみのすたーらいとろーど,1260,true,variety,expert,10.3
FUJIN Rumble,,ＦＵＪＩＮＲＵＭＢＬＥ,1262,true,variety,normal,5.0
FUJIN Rumble,,ＦＵＪＩＮＲＵＭＢＬＥ,1262,true,variety,hard,10.8
FUJIN Rumble,,ＦＵＪＩＮＲＵＭＢＬＥ,1262,true,variety,expert,13.6
Eyes on me feat. Such,,ＥＹＥＳＯＮＭＥ,1232,false,variety,normal,3.0
Eyes on me feat. Such,,ＥＹＥＳＯＮＭＥ,1232,false,variety,hard,7.7
Eyes on me feat. Such,,ＥＹＥＳＯＮＭＥ,1232,false,variety,expert,12.4
GOODWORLD,,ＧＯＯＤＷＯＲＬＤ,1242,true,variety,normal,2.0
GOODWORLD,,ＧＯＯＤＷＯＲＬＤ,1242,true,variety,hard,9.1
GOODWORLD,,ＧＯＯＤＷＯＲＬＤ,1242,true,variety,expert,12.6
Altale,,ＡＬＴＡＬＥ,1243,true,variety,normal,4.0
Altale,,ＡＬＴＡＬＥ,1243,true,variety,hard,9.3
Altale,,ＡＬＴＡＬＥ,1243,true,variety,expert,12.3
ベースラインやってる？笑,Bass-line Yatteru? LOL,べーすらいんやってる,1215,true,variety,normal,4.0
ベースラインやってる？笑,Bass-line Yatteru? LOL,べーすらいんやってる,1215,true,variety,hard,9.9
ベースラインやってる？笑,Bass-line Yatteru? LOL,べーすらいんやってる,1215,true,variety,expert,12.2
EU over Progress,,ＥＵＯＶＥＲＰＲＯＧＲＥＳＳ,1216,true,variety,normal,6.0
EU over Progress,,ＥＵＯＶＥＲＰＲＯＧＲＥＳＳ,1216,true,variety,hard,10.7
EU over Progress,,ＥＵＯＶＥＲＰＲＯＧＲＥＳＳ,1216,true,variety,expert,12.7
燐廻,Rinne,りんね,1115,true,variety,normal,2.0
燐廻,Rinne,りんね,1115,true,variety,hard,7.7
燐廻,Rinne,りんね,1115,true,variety,expert,11.1
『エキセントリック少年ボウイ』のテーマ,'Eccentric Shonen Boy' no Theme,えきせんとりっくしょうねんぼういのてーま,1047,false,variety,normal,1.0
『エキセントリック少年ボウイ』のテーマ,'Eccentric Shonen Boy' no Theme,えきせんとりっくしょうねんぼういのてーま,1047,false,variety,hard,5.7
『エキセントリック少年ボウイ』のテーマ,'Eccentric Shonen Boy' no Theme,えきせんとりっくしょうねんぼういのてーま,1047,false,variety,expert,12.6
Jägermeister,Jagermeister,ＪÄＧＥＲＭＥＩＳＴＥＲ,1045,false,variety,normal,3.0
Jägermeister,Jagermeister,ＪÄＧＥＲＭＥＩＳＴＥＲ,1045,false,variety,hard,8.8
Jägermeister,Jagermeister,ＪÄＧＥＲＭＥＩＳＴＥＲ,1045,false,variety,expert,11.2
What's this?,,ＷＨＡＴ’ＳＴＨＩＳ？,1050,true,variety,normal,3.0
What's this?,,ＷＨＡＴ’ＳＴＨＩＳ？,1050,true,variety,hard,6.3
What's this?,,ＷＨＡＴ’ＳＴＨＩＳ？,1050,true,variety,expert,10.2
FREEDOM DiVE↓,,ＦＲＥＥＤＯＭＤＩＶＥ,1111,true,variety,normal,6.0
FREEDOM DiVE↓,,ＦＲＥＥＤＯＭＤＩＶＥ,1111,true,variety,hard,10.9
FREEDOM DiVE↓,,ＦＲＥＥＤＯＭＤＩＶＥ,1111,true,variety,expert,13.9
Honey Panic!,,ＨＯＮＥＹＰＡＮＩＣ,1127,true,variety,normal,3.0
Honey Panic!,,ＨＯＮＥＹＰＡＮＩＣ,1127,true,variety,hard,9.4
Honey Panic!,,ＨＯＮＥＹＰＡＮＩＣ,1127,true,variety,expert,12.0
Pixel Galaxy,,ＰＩＸＥＬＧＡＬＡＸＹ,1110,true,variety,normal,2.0
Pixel Galaxy,,ＰＩＸＥＬＧＡＬＡＸＹ,1110,true,variety,hard,7.2
Pixel Galaxy,,ＰＩＸＥＬＧＡＬＡＸＹ,1110,true,variety,expert,10.8
集結の華々,Shuketsu no Hanabana,しゅうけつのはなばな,1052,true,variety,normal,2.0
集結の華々,Shuketsu no Hanabana,しゅうけつのはなばな,1052,true,variety,hard,6.3
集結の華々,Shuketsu no Hanabana,しゅうけつのはなばな,1052,true,variety,expert,10.9
conflict,,ＣＯＮＦＬＩＣＴ,1104,true,variety,normal,5.0
conflict,,ＣＯＮＦＬＩＣＴ,1104,true,variety,hard,10.3
conflict,,ＣＯＮＦＬＩＣＴ,1104,true,variety,expert,13.4
こんにちは、ARuFaです。,"Konnichi wa, ARuFa desu.",こんにちは、ＡＲＵＦＡです,1043,false,variety,normal,3.0
こんにちは、ARuFaです。,"Konnichi wa, ARuFa desu.",こんにちは、ＡＲＵＦＡです,1043,false,variety,hard,7.5
こんにちは、ARuFaです。,"Konnichi wa, ARuFa desu.",こんにちは、ＡＲＵＦＡです,1043,false,variety,expert,10.4
ぼくの夢、メチャクソ無限湧き,"Boku no Yume, Mechakuso Mugen Waki",ぼくのゆめめちゃくそむげんわき,1044,true,variety,normal,4.0
ぼくの夢、メチャクソ無限湧き,"Boku no Yume, Mechakuso Mugen Waki",ぼくのゆめめちゃくそむげんわき,1044,true,variety,hard,9.6
ぼくの夢、メチャクソ無限湧き,"Boku no Yume, Mechakuso Mugen Waki",ぼくのゆめめちゃくそむげんわき,1044,true,variety,expert,12.6
ぼくの夢、メチャクソ無限湧き,"Boku no Yume, Mechakuso Mugen Waki",ぼくのゆめめちゃくそむげんわき,1044,true,variety,inferno,13.8
ゲームオーバー (feat. TORIENA),Game Over (feat. TORIENA),げーむおーばー,1094,false,variety,normal,2.0
ゲームオーバー (feat. TORIENA),Game Over (feat. TORIENA),げーむおーばー,1094,false,variety,hard,7.7
ゲームオーバー (feat. TORIENA),Game Over (feat. TORIENA),げーむおーばー,1094,false,variety,expert,11.7
ルーンファクトリー４スペシャルより「この想いを乗せて」,'Kono Omoi wo Nosete' from Rune Factory 4 Special,るーんふぁくとりー４すぺしゃるよりこのおもいをのせて,1051,true,variety,normal,1.0
ルーンファクトリー４スペシャルより「この想いを乗せて」,'Kono Omoi wo Nosete' from Rune Factory 4 Special,るーんふぁくとりー４すぺしゃるよりこのおもいをのせて,1051,true,variety,hard,5.6
ルーンファクトリー４スペシャルより「この想いを乗せて」,'Kono Omoi wo Nosete' from Rune Factory 4 Special,るーんふぁくとりー４すぺしゃるよりこのおもいをのせて,1051,true,variety,expert,9.0
DIVE With Ü,,ＤＩＶＥＷＩＴＨＵ,3064,true,original,normal,3.0
DIVE With Ü,,ＤＩＶＥＷＩＴＨＵ,3064,true,original,hard,9.6
DIVE With Ü,,ＤＩＶＥＷＩＴＨＵ,3064,true,original,expert,13.3
DIVE With Ü,,ＤＩＶＥＷＩＴＨＵ,3064,true,original,inferno,12.0
神,Kami,かみ,3058,true,original,normal,6.0
神,Kami,かみ,3058,true,original,hard,10.9
神,Kami,かみ,3058,true,original,expert,13.7
神,Kami,かみ,3058,true,original,inferno,14.1
cloud IX,,ＣＬＯＵＤＩＸ,3057,true,original,normal,4.0
cloud IX,,ＣＬＯＵＤＩＸ,3057,true,original,hard,10.5
cloud IX,,ＣＬＯＵＤＩＸ,3057,true,original,expert,13.6
Ouvertüre,Ouverture,ＯＵＶＥＲＴＵＲＥ,3011,true,original,normal,3.0
Ouvertüre,Ouverture,ＯＵＶＥＲＴＵＲＥ,3011,true,original,hard,9.6
Ouvertüre,Ouverture,ＯＵＶＥＲＴＵＲＥ,3011,true,original,expert,13.3
Ouvertüre,Ouverture,ＯＵＶＥＲＴＵＲＥ,3011,true,original,inferno,14.0
Love Kills U,,ＬＯＶＥＫＩＬＬＳＵ,3012,true,original,normal,4.0
Love Kills U,,ＬＯＶＥＫＩＬＬＳＵ,3012,true,original,hard,8.4
Love Kills U,,ＬＯＶＥＫＩＬＬＳＵ,3012,true,original,expert,12.5
Kira☆Kira☆Night,,ＫＩＲＡＫＩＲＡＮＩＧＨＴ,3028,true,original,normal,5.0
Kira☆Kira☆Night,,ＫＩＲＡＫＩＲＡＮＩＧＨＴ,3028,true,original,hard,9.6
Kira☆Kira☆Night,,ＫＩＲＡＫＩＲＡＮＩＧＨＴ,3028,true,original,expert,12.9
YOG,,ＹＯＧ,3015,true,original,normal,4.0
YOG,,ＹＯＧ,3015,true,original,hard,9.7
YOG,,ＹＯＧ,3015,true,original,expert,13.8
Lost Illusion,,ＬＯＳＴＩＬＬＵＳＩＯＮ,2234,true,original,normal,4.0
Lost Illusion,,ＬＯＳＴＩＬＬＵＳＩＯＮ,2234,true,original,hard,10.7
Lost Illusion,,ＬＯＳＴＩＬＬＵＳＩＯＮ,2234,true,original,expert,12.7
Cauliflower,,ＣＡＵＬＩＦＬＯＷＥＲ,2230,true,original,normal,4.0
Cauliflower,,ＣＡＵＬＩＦＬＯＷＥＲ,2230,true,original,hard,8.7
Cauliflower,,ＣＡＵＬＩＦＬＯＷＥＲ,2230,true,original,expert,12.8
Purple Skies,,ＰＵＲＰＬＥＳＫＩＥＳ,2231,true,original,normal,3.0
Purple Skies,,ＰＵＲＰＬＥＳＫＩＥＳ,2231,true,original,hard,8.4
Purple Skies,,ＰＵＲＰＬＥＳＫＩＥＳ,2231,true,original,expert,12.4
Lhaksha,Laksha/Laksa,ＬＨＡＫＳＨＡ,2211,true,original,normal,3.0
Lhaksha,Laksha/Laksa,ＬＨＡＫＳＨＡ,2211,true,original,hard,9.6
Lhaksha,Laksha/Laksa,ＬＨＡＫＳＨＡ,2211,true,original,expert,12.5
LIN NE KRO NE feat. lasah,,ＬＩＮＮＥＫＲＯＮＥ,2210,true,original,normal,4.0
LIN NE KRO NE feat. lasah,,ＬＩＮＮＥＫＲＯＮＥ,2210,true,original,hard,9.0
LIN NE KRO NE feat. lasah,,ＬＩＮＮＥＫＲＯＮＥ,2210,true,original,expert,13.7
フリーフォール,Free Fall,ふりーふぉーる,2053,true,original,normal,4.0
フリーフォール,Free Fall,ふりーふぉーる,2053,true,original,hard,8.8
フリーフォール,Free Fall,ふりーふぉーる,2053,true,original,expert,12.7
猫娘,Neko Musume,ねこむすめ,2046,true,original,normal,6.0
猫娘,Neko Musume,ねこむすめ,2046,true,original,hard,10.6
猫娘,Neko Musume,ねこむすめ,2046,true,original,expert,13.7
QiXiN MAdN3ss 2153,KISHIN MADNESS 2153,ＱＩＸＩＮＭＡＤＮ３ＳＳ２１５３,2091,true,original,normal,6.0
QiXiN MAdN3ss 2153,KISHIN MADNESS 2153,ＱＩＸＩＮＭＡＤＮ３ＳＳ２１５３,2091,true,original,hard,11.0
QiXiN MAdN3ss 2153,KISHIN MADNESS 2153,ＱＩＸＩＮＭＡＤＮ３ＳＳ２１５３,2091,true,original,expert,13.9
ARTEMiS,,ＡＲＴＥＭＩＳ,2036,true,original,normal,4.0
ARTEMiS,,ＡＲＴＥＭＩＳ,2036,true,original,hard,10.6
ARTEMiS,,ＡＲＴＥＭＩＳ,2036,true,original,expert,13.9
with U,,ＷＩＴＨＵ,2012,true,original,normal,3.0
with U,,ＷＩＴＨＵ,2012,true,original,hard,7.9
with U,,ＷＩＴＨＵ,2012,true,original,expert,11.8
with U,,ＷＩＴＨＵ,2012,true,original,inferno,13.6
Tell Me,,ＴＥＬＬＭＥ,2013,true,original,normal,3.0
Tell Me,,ＴＥＬＬＭＥ,2013,true,original,hard,7.9
Tell Me,,ＴＥＬＬＭＥ,2013,true,original,expert,11.8
LETHAL;WEAPON,,ＬＥＴＨＡＬＷＥＡＰＯＮ,1231,true,original,normal,3.0
LETHAL;WEAPON,,ＬＥＴＨＡＬＷＥＡＰＯＮ,1231,true,original,hard,8.0
LETHAL;WEAPON,,ＬＥＴＨＡＬＷＥＡＰＯＮ,1231,true,original,expert,12.9
THE MUZZLE FACING,,ＴＨＥＭＵＺＺＬＥＦＡＣＩＮＧ,2014,true,original,normal,4.0
THE MUZZLE FACING,,ＴＨＥＭＵＺＺＬＥＦＡＣＩＮＧ,2014,true,original,hard,9.8
THE MUZZLE FACING,,ＴＨＥＭＵＺＺＬＥＦＡＣＩＮＧ,2014,true,original,expert,13.8
GASHATT,,ＧＡＳＨＡＴＴ,1230,true,original,normal,4.0
GASHATT,,ＧＡＳＨＡＴＴ,1230,true,original,hard,10.1
GASHATT,,ＧＡＳＨＡＴＴ,1230,true,original,expert,12.4
Demon's Rave,,ＤＥＭＯＮＳＲＡＶＥ,1212,true,original,normal,5.0
Demon's Rave,,ＤＥＭＯＮＳＲＡＶＥ,1212,true,original,hard,10.0
Demon's Rave,,ＤＥＭＯＮＳＲＡＶＥ,1212,true,original,expert,12.8
jacaranda,,ＪＡＣＡＲＡＮＤＡ,1085,true,original,normal,4.0
jacaranda,,ＪＡＣＡＲＡＮＤＡ,1085,true,original,hard,9.3
jacaranda,,ＪＡＣＡＲＡＮＤＡ,1085,true,original,expert,12.7
CHECKER FLAG,,ＣＨＥＣＫＥＲＦＬＡＧ,1117,true,original,normal,3.0
CHECKER FLAG,,ＣＨＥＣＫＥＲＦＬＡＧ,1117,true,original,hard,7.2
CHECKER FLAG,,ＣＨＥＣＫＥＲＦＬＡＧ,1117,true,original,expert,12.9
Stratoliner,,ＳＴＲＡＴＯＬＩＮＥＲ,1122,true,original,normal,4.0
Stratoliner,,ＳＴＲＡＴＯＬＩＮＥＲ,1122,true,original,hard,9.8
Stratoliner,,ＳＴＲＡＴＯＬＩＮＥＲ,1122,true,original,expert,12.8
Utopia feat. shully,,ＵＴＯＰＩＡＦＥＡＴＳＨＵＬＬＹ,1121,true,original,normal,5.0
Utopia feat. shully,,ＵＴＯＰＩＡＦＥＡＴＳＨＵＬＬＹ,1121,true,original,hard,9.4
Utopia feat. shully,,ＵＴＯＰＩＡＦＥＡＴＳＨＵＬＬＹ,1121,true,original,expert,12.6
Let you DIVE!,,ＬＥＴＹＯＵＤＩＶＥ！,32,true,original,normal,3.0
Let you DIVE!,,ＬＥＴＹＯＵＤＩＶＥ！,32,true,original,hard,9.7
Let you DIVE!,,ＬＥＴＹＯＵＤＩＶＥ！,32,true,original,expert,11.8
Let you DIVE!,,ＬＥＴＹＯＵＤＩＶＥ！,32,true,original,inferno,13.4
Scramble TANO*C,,ＳＣＲＡＭＢＬＥＴＡＮＯＣ,3094,true,tanoc,normal,3.0
Scramble TANO*C,,ＳＣＲＡＭＢＬＥＴＡＮＯＣ,3094,true,tanoc,hard,9.6
Scramble TANO*C,,ＳＣＲＡＭＢＬＥＴＡＮＯＣ,3094,true,tanoc,expert,12.8
Everybody Say HARDCORE TANO*C,,ＥＶＥＲＹＢＯＤＹＳＡＹＨＡＲＤＣＯＲＥＴＡＮＯＣ,3082,true,tanoc,normal,4.0
Everybody Say HARDCORE TANO*C,,ＥＶＥＲＹＢＯＤＹＳＡＹＨＡＲＤＣＯＲＥＴＡＮＯＣ,3082,true,tanoc,hard,9.1
Everybody Say HARDCORE TANO*C,,ＥＶＥＲＹＢＯＤＹＳＡＹＨＡＲＤＣＯＲＥＴＡＮＯＣ,3082,true,tanoc,expert,13.4
Crush Out,,ＣＲＵＳＨＯＵＴ,3073,true,tanoc,normal,4.0
Crush Out,,ＣＲＵＳＨＯＵＴ,3073,true,tanoc,hard,10.2
Crush Out,,ＣＲＵＳＨＯＵＴ,3073,true,tanoc,expert,12.9
Keep on Groovin' feat. mow*2,,ＫＥＥＰＯＮＧＲＯＯＶＩＮ,3093,true,tanoc,normal,4.0
Keep on Groovin' feat. mow*2,,ＫＥＥＰＯＮＧＲＯＯＶＩＮ,3093,true,tanoc,hard,9.9
Keep on Groovin' feat. mow*2,,ＫＥＥＰＯＮＧＲＯＯＶＩＮ,3093,true,tanoc,expert,12.5
To the sky -wacca edit- feat.motoko,,ＴＯＴＨＥＳＫＹＷＡＣＣＡＥＤＩＴ,3091,true,tanoc,normal,3.0
To the sky -wacca edit- feat.motoko,,ＴＯＴＨＥＳＫＹＷＡＣＣＡＥＤＩＴ,3091,true,tanoc,hard,8.9
To the sky -wacca edit- feat.motoko,,ＴＯＴＨＥＳＫＹＷＡＣＣＡＥＤＩＴ,3091,true,tanoc,expert,12.5
We are the Massive New Krew (2020Edit),,ＷＥＡＲＥＴＨＥＭＡＳＳＩＶＥＮＥＷＫＲＥＷ,3089,true,tanoc,normal,3.0
We are the Massive New Krew (2020Edit),,ＷＥＡＲＥＴＨＥＭＡＳＳＩＶＥＮＥＷＫＲＥＷ,3089,true,tanoc,hard,8.6
We are the Massive New Krew (2020Edit),,ＷＥＡＲＥＴＨＥＭＡＳＳＩＶＥＮＥＷＫＲＥＷ,3089,true,tanoc,expert,13.0
We are the Massive New Krew (2020Edit),,ＷＥＡＲＥＴＨＥＭＡＳＳＩＶＥＮＥＷＫＲＥＷ,3089,true,tanoc,inferno,14.0
最先端坊将軍３,Saisentan-bo Shogun 3 / TOP SHOGUN 3,さいせんたんぼうしょうぐん３,3075,true,tanoc,normal,3.0
最先端坊将軍３,Saisentan-bo Shogun 3 / TOP SHOGUN 3,さいせんたんぼうしょうぐん３,3075,true,tanoc,hard,8.8
最先端坊将軍３,Saisentan-bo Shogun 3 / TOP SHOGUN 3,さいせんたんぼうしょうぐん３,3075,true,tanoc,expert,13.8
BPM=RT,,ＢＰＭＲＴ,3072,true,tanoc,normal,5.0
BPM=RT,,ＢＰＭＲＴ,3072,true,tanoc,hard,10.8
BPM=RT,,ＢＰＭＲＴ,3072,true,tanoc,expert,13.9
1BPM,,１ＢＰＭ,3076,true,tanoc,normal,4.0
1BPM,,１ＢＰＭ,3076,true,tanoc,hard,10.5
1BPM,,１ＢＰＭ,3076,true,tanoc,expert,13.7
Viyella's Nightmare,,ＶＩＹＥＬＬＡＳＮＩＧＨＴＭＡＲＥ,3086,true,tanoc,normal,4.0
Viyella's Nightmare,,ＶＩＹＥＬＬＡＳＮＩＧＨＴＭＡＲＥ,3086,true,tanoc,hard,11.0
Viyella's Nightmare,,ＶＩＹＥＬＬＡＳＮＩＧＨＴＭＡＲＥ,3086,true,tanoc,expert,13.8
Odin,,ＯＤＩＮ,3088,true,tanoc,normal,4.0
Odin,,ＯＤＩＮ,3088,true,tanoc,hard,10.7
Odin,,ＯＤＩＮ,3088,true,tanoc,expert,13.6
EXTRA HARD,,ＥＸＴＲＡＨＡＲＤ,3077,true,tanoc,normal,4.0
EXTRA HARD,,ＥＸＴＲＡＨＡＲＤ,3077,true,tanoc,hard,11.0
EXTRA HARD,,ＥＸＴＲＡＨＡＲＤ,3077,true,tanoc,expert,14.0
Obtain An Unused Whale In The Abstract Sea,,ＯＢＴＡＩＮＡＮＵＮＵＳＥＤＷＨＡＬＥＩＮＴＨＥＡＢＳＴＲＡＣＴＳＥＡ,3085,true,tanoc,normal,2.0
Obtain An Unused Whale In The Abstract Sea,,ＯＢＴＡＩＮＡＮＵＮＵＳＥＤＷＨＡＬＥＩＮＴＨＥＡＢＳＴＲＡＣＴＳＥＡ,3085,true,tanoc,hard,6.0
Obtain An Unused Whale In The Abstract Sea,,ＯＢＴＡＩＮＡＮＵＮＵＳＥＤＷＨＡＬＥＩＮＴＨＥＡＢＳＴＲＡＣＴＳＥＡ,3085,true,tanoc,expert,13.3
Middle,,ＭＩＤＤＬＥ,3079,true,tanoc,normal,3.0
Middle,,ＭＩＤＤＬＥ,3079,true,tanoc,hard,7.6
Middle,,ＭＩＤＤＬＥ,3079,true,tanoc,expert,12.9
Avenue,,ＡＶＥＮＵＥ,3080,true,tanoc,normal,3.0
Avenue,,ＡＶＥＮＵＥ,3080,true,tanoc,hard,7.9
Avenue,,ＡＶＥＮＵＥ,3080,true,tanoc,expert,12.9
えくすとりーむ↑↑おんがくスクール feat. ななひら,Extreme ↑↑ Ongaku School feat. nanahira,えくすとりーむおんがくすくーる,3090,true,tanoc,normal,4.0
えくすとりーむ↑↑おんがくスクール feat. ななひら,Extreme ↑↑ Ongaku School feat. nanahira,えくすとりーむおんがくすくーる,3090,true,tanoc,hard,10.9
えくすとりーむ↑↑おんがくスクール feat. ななひら,Extreme ↑↑ Ongaku School feat. nanahira,えくすとりーむおんがくすくーる,3090,true,tanoc,expert,13.8
T+ VS SHARK,,Ｔ＋ＶＳＳＨＡＲＫ,3074,true,tanoc,normal,4.0
T+ VS SHARK,,Ｔ＋ＶＳＳＨＡＲＫ,3074,true,tanoc,hard,10.9
T+ VS SHARK,,Ｔ＋ＶＳＳＨＡＲＫ,3074,true,tanoc,expert,13.8
Brand New World feat. Yukacco,,ＢＲＡＮＤＮＥＷＷＯＲＬＤ,3081,true,tanoc,normal,3.0
Brand New World feat. Yukacco,,ＢＲＡＮＤＮＥＷＷＯＲＬＤ,3081,true,tanoc,hard,7.5
Brand New World feat. Yukacco,,ＢＲＡＮＤＮＥＷＷＯＲＬＤ,3081,true,tanoc,expert,11.8
SUPER EMULATOR,,ＳＵＰＥＲＥＭＵＬＡＴＯＲ,3084,true,tanoc,normal,4.0
SUPER EMULATOR,,ＳＵＰＥＲＥＭＵＬＡＴＯＲ,3084,true,tanoc,hard,11.0
SUPER EMULATOR,,ＳＵＰＥＲＥＭＵＬＡＴＯＲ,3084,true,tanoc,expert,14.0
GAKKY,,ＧＡＫＫＹ,3083,true,tanoc,normal,4.0
GAKKY,,ＧＡＫＫＹ,3083,true,tanoc,hard,10.7
GAKKY,,ＧＡＫＫＹ,3083,true,tanoc,expert,13.7
NIGHTWAVE FRAGMENTS,,ＮＩＧＨＴＷＡＶＥＦＲＡＧＭＥＮＴＳ,3092,true,tanoc,normal,4.0
NIGHTWAVE FRAGMENTS,,ＮＩＧＨＴＷＡＶＥＦＲＡＧＭＥＮＴＳ,3092,true,tanoc,hard,10.6
NIGHTWAVE FRAGMENTS,,ＮＩＧＨＴＷＡＶＥＦＲＡＧＭＥＮＴＳ,3092,true,tanoc,expert,13.7
N3XTAGE,NEXTAGE,Ｎ３ＸＴＡＧＥ,3078,true,tanoc,normal,4.0
N3XTAGE,NEXTAGE,Ｎ３ＸＴＡＧＥ,3078,true,tanoc,hard,10.4
N3XTAGE,NEXTAGE,Ｎ３ＸＴＡＧＥ,3078,true,tanoc,expert,12.7
Big Daddy,,ＢＩＧＤＡＤＤＹ,3071,true,tanoc,normal,5.0
Big Daddy,,ＢＩＧＤＡＤＤＹ,3071,true,tanoc,hard,8.7
Big Daddy,,ＢＩＧＤＡＤＤＹ,3071,true,tanoc,expert,13.3
Ready Go feat. Yukacco,,ＲＥＡＤＹＧＯＦＥＡＴＹＵＫＡＣＣＯ,3087,true,tanoc,normal,3.0
Ready Go feat. Yukacco,,ＲＥＡＤＹＧＯＦＥＡＴＹＵＫＡＣＣＯ,3087,true,tanoc,hard,8.6
Ready Go feat. Yukacco,,ＲＥＡＤＹＧＯＦＥＡＴＹＵＫＡＣＣＯ,3087,true,tanoc,expert,12.3
Reach My Voice,,ＲＥＡＣＨＭＹＶＯＩＣＥ,3032,true,tanoc,normal,3.0
Reach My Voice,,ＲＥＡＣＨＭＹＶＯＩＣＥ,3032,true,tanoc,hard,8.8
Reach My Voice,,ＲＥＡＣＨＭＹＶＯＩＣＥ,3032,true,tanoc,expert,12.8
You & DIE,,ＹＯＵＤＩＥ,3063,true,tanoc,normal,4.0
You & DIE,,ＹＯＵＤＩＥ,3063,true,tanoc,hard,10.7
You & DIE,,ＹＯＵＤＩＥ,3063,true,tanoc,expert,13.6
Möbius,Moebius,ＭＯＢＩＵＳ,3062,true,tanoc,normal,8.0
Möbius,Moebius,ＭＯＢＩＵＳ,3062,true,tanoc,hard,10.8
Möbius,Moebius,ＭＯＢＩＵＳ,3062,true,tanoc,expert,14.1
Möbius,Moebius,ＭＯＢＩＵＳ,3062,true,tanoc,inferno,15.0
GENOCIDER (Kobaryo's FTN-Remix),,ＧＥＮＯＣＩＤＥＲＫＯＢＡＲＹＯＦＴＮＲＥＭＩＸ,3061,true,tanoc,normal,6.0
GENOCIDER (Kobaryo's FTN-Remix),,ＧＥＮＯＣＩＤＥＲＫＯＢＡＲＹＯＦＴＮＲＥＭＩＸ,3061,true,tanoc,hard,10.7
GENOCIDER (Kobaryo's FTN-Remix),,ＧＥＮＯＣＩＤＥＲＫＯＢＡＲＹＯＦＴＮＲＥＭＩＸ,3061,true,tanoc,expert,14.1
"Invisible Frenzy (Camellia's ""593: Insanely Fluctuated"" Remix)",,ＩＮＶＩＳＩＢＬＥＦＲＥＮＺＹＣＡＭＥＬＬＩＡＳ５９３ＩＮＳＡＮＥＬＹＦＬＵＣＴＵＡＴＥＤＲＥＭＩＸ,3060,true,tanoc,normal,6.0
"Invisible Frenzy (Camellia's ""593: Insanely Fluctuated"" Remix)",,ＩＮＶＩＳＩＢＬＥＦＲＥＮＺＹＣＡＭＥＬＬＩＡＳ５９３ＩＮＳＡＮＥＬＹＦＬＵＣＴＵＡＴＥＤＲＥＭＩＸ,3060,true,tanoc,hard,11.2
"Invisible Frenzy (Camellia's ""593: Insanely Fluctuated"" Remix)",,ＩＮＶＩＳＩＢＬＥＦＲＥＮＺＹＣＡＭＥＬＬＩＡＳ５９３ＩＮＳＡＮＥＬＹＦＬＵＣＴＵＡＴＥＤＲＥＭＩＸ,3060,true,tanoc,expert,14.1
Candy Star,,ＣＡＮＤＹＳＴＡＲ,3052,true,tanoc,normal,3.0
Candy Star,,ＣＡＮＤＹＳＴＡＲ,3052,true,tanoc,hard,9.5
Candy Star,,ＣＡＮＤＹＳＴＡＲ,3052,true,tanoc,expert,13.2
Onigami,,ＯＮＩＧＡＭＩ,3053,true,tanoc,normal,4.0
Onigami,,ＯＮＩＧＡＭＩ,3053,true,tanoc,hard,9.0
Onigami,,ＯＮＩＧＡＭＩ,3053,true,tanoc,expert,13.2
DANGEROOOOUS JUNGLE,,ＤＥＮＧＥＲＯＯＯＯＵＳＪＵＮＧＬＥ,3044,true,tanoc,normal,3.0
DANGEROOOOUS JUNGLE,,ＤＥＮＧＥＲＯＯＯＯＵＳＪＵＮＧＬＥ,3044,true,tanoc,hard,10.6
DANGEROOOOUS JUNGLE,,ＤＥＮＧＥＲＯＯＯＯＵＳＪＵＮＧＬＥ,3044,true,tanoc,expert,13.4
DANGEROOOOUS JUNGLE,,ＤＥＮＧＥＲＯＯＯＯＵＳＪＵＮＧＬＥ,3044,true,tanoc,inferno,14.1
Dimension Hacker,,ＤＩＭＥＮＳＩＯＮＨＡＣＫＥＲ,3045,true,tanoc,normal,4.0
Dimension Hacker,,ＤＩＭＥＮＳＩＯＮＨＡＣＫＥＲ,3045,true,tanoc,hard,10.8
Dimension Hacker,,ＤＩＭＥＮＳＩＯＮＨＡＣＫＥＲ,3045,true,tanoc,expert,13.4
Dimension Hacker,,ＤＩＭＥＮＳＩＯＮＨＡＣＫＥＲ,3045,true,tanoc,inferno,14.1
EPHMR,EPHEMERA,ＥＰＨＭＲ,3046,true,tanoc,normal,4.0
EPHMR,EPHEMERA,ＥＰＨＭＲ,3046,true,tanoc,hard,10.7
EPHMR,EPHEMERA,ＥＰＨＭＲ,3046,true,tanoc,expert,13.2
EPHMR,EPHEMERA,ＥＰＨＭＲ,3046,true,tanoc,inferno,14.1
クリムゾン帝王,Crimson Teio,くりむぞんていおう,3047,true,tanoc,normal,8.0
クリムゾン帝王,Crimson Teio,くりむぞんていおう,3047,true,tanoc,hard,11.7
クリムゾン帝王,Crimson Teio,くりむぞんていおう,3047,true,tanoc,expert,13.7
クリムゾン帝王,Crimson Teio,くりむぞんていおう,3047,true,tanoc,inferno,14.2
Break Through Myself feat. Risa Yuzuki,,ＢＲＥＡＫＴＨＲＯＵＧＨＭＹＳＥＬＦ,3031,true,tanoc,normal,4.0
Break Through Myself feat. Risa Yuzuki,,ＢＲＥＡＫＴＨＲＯＵＧＨＭＹＳＥＬＦ,3031,true,tanoc,hard,10.2
Break Through Myself feat. Risa Yuzuki,,ＢＲＥＡＫＴＨＲＯＵＧＨＭＹＳＥＬＦ,3031,true,tanoc,expert,13.4
D3LTA QOMPLEX,DELTA COMPLEX,Ｄ３ＬＴＡＱＯＭＰＬＥＸ,3034,true,tanoc,normal,4.0
D3LTA QOMPLEX,DELTA COMPLEX,Ｄ３ＬＴＡＱＯＭＰＬＥＸ,3034,true,tanoc,hard,9.9
D3LTA QOMPLEX,DELTA COMPLEX,Ｄ３ＬＴＡＱＯＭＰＬＥＸ,3034,true,tanoc,expert,13.1
Chobit Flavor,,ＣＨＯＢＩＴＦＬＡＶＯＲ,3033,true,tanoc,normal,3.0
Chobit Flavor,,ＣＨＯＢＩＴＦＬＡＶＯＲ,3033,true,tanoc,hard,9.2
Chobit Flavor,,ＣＨＯＢＩＴＦＬＡＶＯＲ,3033,true,tanoc,expert,12.6
Machinery of Avoid,,ＭＡＣＨＩＮＥＲＹＯＦＡＶＯＩＤ,3008,true,tanoc,normal,4.0
Machinery of Avoid,,ＭＡＣＨＩＮＥＲＹＯＦＡＶＯＩＤ,3008,true,tanoc,hard,8.5
Machinery of Avoid,,ＭＡＣＨＩＮＥＲＹＯＦＡＶＯＩＤ,3008,true,tanoc,expert,12.7
Datamania (tpz Overheat Remix),,ＤＡＴＡＭＡＮＩＡ,3009,true,tanoc,normal,3.0
Datamania (tpz Overheat Remix),,ＤＡＴＡＭＡＮＩＡ,3009,true,tanoc,hard,7.8
Datamania (tpz Overheat Remix),,ＤＡＴＡＭＡＮＩＡ,3009,true,tanoc,expert,12.6
超MANJIラッシュ,Cho MANJI Rush,ちょうＭＡＮＪＩらっしゅ,3013,true,tanoc,normal,5.0
超MANJIラッシュ,Cho MANJI Rush,ちょうＭＡＮＪＩらっしゅ,3013,true,tanoc,hard,9.7
超MANJIラッシュ,Cho MANJI Rush,ちょうＭＡＮＪＩらっしゅ,3013,true,tanoc,expert,13.7
Meta-Mysteria,,ＭＥＴＡＭＹＳＴＥＲＩＡ,3016,true,tanoc,normal,6.0
Meta-Mysteria,,ＭＥＴＡＭＹＳＴＥＲＩＡ,3016,true,tanoc,hard,11.0
Meta-Mysteria,,ＭＥＴＡＭＹＳＴＥＲＩＡ,3016,true,tanoc,expert,14.1
Eternal Ending,,ＥＴＥＲＮＡＬＥＮＤＩＮＧ,2255,true,tanoc,normal,5.0
Eternal Ending,,ＥＴＥＲＮＡＬＥＮＤＩＮＧ,2255,true,tanoc,hard,10.9
Eternal Ending,,ＥＴＥＲＮＡＬＥＮＤＩＮＧ,2255,true,tanoc,expert,13.4
EVE,,ＥＶＥ,2232,true,tanoc,normal,4.0
EVE,,ＥＶＥ,2232,true,tanoc,hard,9.2
EVE,,ＥＶＥ,2232,true,tanoc,expert,13.1
eden,,ＥＤＥＮ,2235,true,tanoc,normal,4.0
eden,,ＥＤＥＮ,2235,true,tanoc,hard,10.5
eden,,ＥＤＥＮ,2235,true,tanoc,expert,13.3
eden,,ＥＤＥＮ,2235,true,tanoc,inferno,14.1
Silentphobia,,ＳＩＬＥＮＴＰＨＯＢＩＡ,2236,true,tanoc,normal,4.0
Silentphobia,,ＳＩＬＥＮＴＰＨＯＢＩＡ,2236,true,tanoc,hard,10.3
Silentphobia,,ＳＩＬＥＮＴＰＨＯＢＩＡ,2236,true,tanoc,expert,13.6
Silentphobia,,ＳＩＬＥＮＴＰＨＯＢＩＡ,2236,true,tanoc,inferno,14.1
やけにインザレイン feat. 小林私,Yake-ni in the Rain feat. Kobayashi Watashi,やけにいんざれいん,2247,true,tanoc,normal,3.0
やけにインザレイン feat. 小林私,Yake-ni in the Rain feat. Kobayashi Watashi,やけにいんざれいん,2247,true,tanoc,hard,10.3
やけにインザレイン feat. 小林私,Yake-ni in the Rain feat. Kobayashi Watashi,やけにいんざれいん,2247,true,tanoc,expert,13.1
Traveller feat.moimoi,,ＴＲＡＶＥＬＬＥＲ,2248,true,tanoc,normal,2.0
Traveller feat.moimoi,,ＴＲＡＶＥＬＬＥＲ,2248,true,tanoc,hard,8.4
Traveller feat.moimoi,,ＴＲＡＶＥＬＬＥＲ,2248,true,tanoc,expert,12.4
FLVSH OUT,FLASH OUT,ＦＬＶＳＨＯＵＴ,2249,true,tanoc,normal,4.0
FLVSH OUT,FLASH OUT,ＦＬＶＳＨＯＵＴ,2249,true,tanoc,hard,9.8
FLVSH OUT,FLASH OUT,ＦＬＶＳＨＯＵＴ,2249,true,tanoc,expert,13.5
BSCS,,ＢＳＣＳ,2250,true,tanoc,normal,4.0
BSCS,,ＢＳＣＳ,2250,true,tanoc,hard,8.8
BSCS,,ＢＳＣＳ,2250,true,tanoc,expert,13.3
Popping Happiness!,,ＰＯＰＰＩＮＧＨＡＰＰＩＮＥＳＳ,2219,true,tanoc,normal,4.0
Popping Happiness!,,ＰＯＰＰＩＮＧＨＡＰＰＩＮＥＳＳ,2219,true,tanoc,hard,8.5
Popping Happiness!,,ＰＯＰＰＩＮＧＨＡＰＰＩＮＥＳＳ,2219,true,tanoc,expert,12.4
Madwing,,ＭＡＤＷＩＮＧ,2220,true,tanoc,normal,5.0
Madwing,,ＭＡＤＷＩＮＧ,2220,true,tanoc,hard,9.9
Madwing,,ＭＡＤＷＩＮＧ,2220,true,tanoc,expert,12.8
TRICKL4SH 220,TRICKLASH 220,ＴＲＩＣＫＬ４ＳＨ２２０,2221,true,tanoc,normal,4.0
TRICKL4SH 220,TRICKLASH 220,ＴＲＩＣＫＬ４ＳＨ２２０,2221,true,tanoc,hard,10.9
TRICKL4SH 220,TRICKLASH 220,ＴＲＩＣＫＬ４ＳＨ２２０,2221,true,tanoc,expert,13.8
SHAKE!,,ＳＨＡＫＥ！,2212,true,tanoc,normal,4.0
SHAKE!,,ＳＨＡＫＥ！,2212,true,tanoc,hard,9.5
SHAKE!,,ＳＨＡＫＥ！,2212,true,tanoc,expert,12.7
DUAL BREAKER XX,,ＤＵＡＬＢＲＥＡＫＥＲＸＸ,2213,true,tanoc,normal,6.0
DUAL BREAKER XX,,ＤＵＡＬＢＲＥＡＫＥＲＸＸ,2213,true,tanoc,hard,10.8
DUAL BREAKER XX,,ＤＵＡＬＢＲＥＡＫＥＲＸＸ,2213,true,tanoc,expert,13.8
Megaton Killer,,ＭＥＧＡＴＯＮＫＩＬＬＥＲ,2208,true,tanoc,normal,5.0
Megaton Killer,,ＭＥＧＡＴＯＮＫＩＬＬＥＲ,2208,true,tanoc,hard,10.0
Megaton Killer,,ＭＥＧＡＴＯＮＫＩＬＬＥＲ,2208,true,tanoc,expert,13.6
ATAMA WARUI,,ＡＴＡＭＡＷＡＲＵＩ,2209,true,tanoc,normal,5.0
ATAMA WARUI,,ＡＴＡＭＡＷＡＲＵＩ,2209,true,tanoc,hard,9.1
ATAMA WARUI,,ＡＴＡＭＡＷＡＲＵＩ,2209,true,tanoc,expert,12.9
Liberate,,ＬＩＢＥＲＡＴＥ,2054,true,tanoc,normal,4.0
Liberate,,ＬＩＢＥＲＡＴＥ,2054,true,tanoc,hard,9.5
Liberate,,ＬＩＢＥＲＡＴＥ,2054,true,tanoc,expert,13.1
Animosity,,ＡＮＩＭＯＳＩＴＹ,2055,true,tanoc,normal,6.0
Animosity,,ＡＮＩＭＯＳＩＴＹ,2055,true,tanoc,hard,10.9
Animosity,,ＡＮＩＭＯＳＩＴＹ,2055,true,tanoc,expert,13.8
Big Bang,,ＢＩＧＢＡＮＧ,2056,true,tanoc,normal,7.0
Big Bang,,ＢＩＧＢＡＮＧ,2056,true,tanoc,hard,11.0
Big Bang,,ＢＩＧＢＡＮＧ,2056,true,tanoc,expert,14.0
恋メタル,Koi Metal,こいめたる,1256,true,tanoc,normal,3.0
恋メタル,Koi Metal,こいめたる,1256,true,tanoc,hard,8.8
恋メタル,Koi Metal,こいめたる,1256,true,tanoc,expert,12.7
はげしこの夜 -Psylent Crazy Night-,Hageshi kono yoru -Psylent Crazy Night-,はげしこのよるＰＨＹＬＥＮＴＣＲＡＺＹＮＩＧＨＴ,2062,true,tanoc,normal,4.0
はげしこの夜 -Psylent Crazy Night-,Hageshi kono yoru -Psylent Crazy Night-,はげしこのよるＰＨＹＬＥＮＴＣＲＡＺＹＮＩＧＨＴ,2062,true,tanoc,hard,8.8
はげしこの夜 -Psylent Crazy Night-,Hageshi kono yoru -Psylent Crazy Night-,はげしこのよるＰＨＹＬＥＮＴＣＲＡＺＹＮＩＧＨＴ,2062,true,tanoc,expert,13.7
パニックポップ☆フェスティバル!!!,Panic Pop Festival!!!,ぱにっくぽっぷ☆ふぇすてぃばる,2037,true,tanoc,normal,5.0
パニックポップ☆フェスティバル!!!,Panic Pop Festival!!!,ぱにっくぽっぷ☆ふぇすてぃばる,2037,true,tanoc,hard,10.0
パニックポップ☆フェスティバル!!!,Panic Pop Festival!!!,ぱにっくぽっぷ☆ふぇすてぃばる,2037,true,tanoc,expert,13.3
Stasis feat.motoko -WACCA EDiT-,,ＳＴＡＳＩＳＦＥＡＴＭＯＴＯＫＯＷＡＣＣＡＥＤＩＴ,2048,true,tanoc,normal,4.0
Stasis feat.motoko -WACCA EDiT-,,ＳＴＡＳＩＳＦＥＡＴＭＯＴＯＫＯＷＡＣＣＡＥＤＩＴ,2048,true,tanoc,hard,7.9
Stasis feat.motoko -WACCA EDiT-,,ＳＴＡＳＩＳＦＥＡＴＭＯＴＯＫＯＷＡＣＣＡＥＤＩＴ,2048,true,tanoc,expert,12.7
RAV#GIRL,RAVEGIRL,ＲＡＶＧＩＲＬ,2049,true,tanoc,normal,3.0
RAV#GIRL,RAVEGIRL,ＲＡＶＧＩＲＬ,2049,true,tanoc,hard,7.8
RAV#GIRL,RAVEGIRL,ＲＡＶＧＩＲＬ,2049,true,tanoc,expert,12.6
KALACAKLA,KALACAKRA,ＫＡＬＡＣＡＫＬＡ,2070,true,tanoc,normal,4.0
KALACAKLA,KALACAKRA,ＫＡＬＡＣＡＫＬＡ,2070,true,tanoc,hard,8.0
KALACAKLA,KALACAKRA,ＫＡＬＡＣＡＫＬＡ,2070,true,tanoc,expert,12.7
Poppin' Shower,,ＰＯＰＰＩＮＳＨＯＷＥＲ,2047,true,tanoc,normal,3.0
Poppin' Shower,,ＰＯＰＰＩＮＳＨＯＷＥＲ,2047,true,tanoc,hard,9.8
Poppin' Shower,,ＰＯＰＰＩＮＳＨＯＷＥＲ,2047,true,tanoc,expert,12.5
While Shining feat.Yukacco,,ＷＨＩＬＥＳＨＩＮＩＮＧ,1087,true,tanoc,normal,3.0
While Shining feat.Yukacco,,ＷＨＩＬＥＳＨＩＮＩＮＧ,1087,true,tanoc,hard,8.6
While Shining feat.Yukacco,,ＷＨＩＬＥＳＨＩＮＩＮＧ,1087,true,tanoc,expert,12.3
ALiVE,,ＡＬＩＶＥ,2019,true,tanoc,normal,3.0
ALiVE,,ＡＬＩＶＥ,2019,true,tanoc,hard,7.8
ALiVE,,ＡＬＩＶＥ,2019,true,tanoc,expert,11.0
ONOMATO Pairing!!!,,ＯＮＯＭＡＴＯＰＡＩＲＩＮＧ,2016,true,tanoc,normal,2.0
ONOMATO Pairing!!!,,ＯＮＯＭＡＴＯＰＡＩＲＩＮＧ,2016,true,tanoc,hard,8.5
ONOMATO Pairing!!!,,ＯＮＯＭＡＴＯＰＡＩＲＩＮＧ,2016,true,tanoc,expert,12.4
SUPER REACTOR,,ＳＵＰＥＲＲＥＡＣＴＯＲ,2015,true,tanoc,normal,4.0
SUPER REACTOR,,ＳＵＰＥＲＲＥＡＣＴＯＲ,2015,true,tanoc,hard,8.2
SUPER REACTOR,,ＳＵＰＥＲＲＥＡＣＴＯＲ,2015,true,tanoc,expert,13.0
GENOCIDER,,ＧＥＮＯＣＩＤＥＲ,2017,true,tanoc,normal,6.0
GENOCIDER,,ＧＥＮＯＣＩＤＥＲ,2017,true,tanoc,hard,11.0
GENOCIDER,,ＧＥＮＯＣＩＤＥＲ,2017,true,tanoc,expert,14.1
ツアー・ファイナル,Tour Final,つあーふぁいなる,1276,true,tanoc,normal,3.0
ツアー・ファイナル,Tour Final,つあーふぁいなる,1276,true,tanoc,hard,9.4
ツアー・ファイナル,Tour Final,つあーふぁいなる,1276,true,tanoc,expert,12.3
Metamorphose,,ＭＥＴＡＭＯＲＰＨＯＳＥ,1247,true,tanoc,normal,4.0
Metamorphose,,ＭＥＴＡＭＯＲＰＨＯＳＥ,1247,true,tanoc,hard,10.3
Metamorphose,,ＭＥＴＡＭＯＲＰＨＯＳＥ,1247,true,tanoc,expert,12.7
MAGiC4LG1RL M3GA S7R1KE!,MAGiCALGiRL MEGA STRiKE!,ＭＡＧＩＣＡＬＧＩＲＬＭＥＧＡＳＴＲＩＫＥ,1248,true,tanoc,normal,4.0
MAGiC4LG1RL M3GA S7R1KE!,MAGiCALGiRL MEGA STRiKE!,ＭＡＧＩＣＡＬＧＩＲＬＭＥＧＡＳＴＲＩＫＥ,1248,true,tanoc,hard,10.0
MAGiC4LG1RL M3GA S7R1KE!,MAGiCALGiRL MEGA STRiKE!,ＭＡＧＩＣＡＬＧＩＲＬＭＥＧＡＳＴＲＩＫＥ,1248,true,tanoc,expert,13.1
METEOR BURST,,ＭＥＴＥＯＲＢＵＲＳＴ,1249,true,tanoc,normal,5.0
METEOR BURST,,ＭＥＴＥＯＲＢＵＲＳＴ,1249,true,tanoc,hard,10.9
METEOR BURST,,ＭＥＴＥＯＲＢＵＲＳＴ,1249,true,tanoc,expert,13.8
XTREME,,ＸＴＲＥＭＥ,1250,true,tanoc,normal,6.0
XTREME,,ＸＴＲＥＭＥ,1250,true,tanoc,hard,11.0
XTREME,,ＸＴＲＥＭＥ,1250,true,tanoc,expert,12.9
XTREME,,ＸＴＲＥＭＥ,1250,true,tanoc,inferno,14.0
天使光輪,Tenshi Korin,てんしこうりん,1251,true,tanoc,normal,7.0
天使光輪,Tenshi Korin,てんしこうりん,1251,true,tanoc,hard,11.0
天使光輪,Tenshi Korin,てんしこうりん,1251,true,tanoc,expert,13.2
天使光輪,Tenshi Korin,てんしこうりん,1251,true,tanoc,inferno,14.1
Ultra Red,,ＵＬＴＲＡＲＥＤ,1258,true,tanoc,normal,3.0
Ultra Red,,ＵＬＴＲＡＲＥＤ,1258,true,tanoc,hard,9.6
Ultra Red,,ＵＬＴＲＡＲＥＤ,1258,true,tanoc,expert,12.8
サイクルヒット,Cycle Hit,さいくるひっと,1259,true,tanoc,normal,5.0
サイクルヒット,Cycle Hit,さいくるひっと,1259,true,tanoc,hard,10.5
サイクルヒット,Cycle Hit,さいくるひっと,1259,true,tanoc,expert,13.5
Strange Bar,,ＳＴＲＡＮＧＥＢＡＲ,1275,true,tanoc,normal,3.0
Strange Bar,,ＳＴＲＡＮＧＥＢＡＲ,1275,true,tanoc,hard,10.2
Strange Bar,,ＳＴＲＡＮＧＥＢＡＲ,1275,true,tanoc,expert,12.8
Murasaki,,ＭＵＲＡＳＡＫＩ,1213,true,tanoc,normal,3.0
Murasaki,,ＭＵＲＡＳＡＫＩ,1213,true,tanoc,hard,7.5
Murasaki,,ＭＵＲＡＳＡＫＩ,1213,true,tanoc,expert,12.4
Mazy Metroplex,,ＭＡＺＹＭＥＴＲＯＰＬＥＸ,1214,true,tanoc,normal,4.0
Mazy Metroplex,,ＭＡＺＹＭＥＴＲＯＰＬＥＸ,1214,true,tanoc,hard,10.8
Mazy Metroplex,,ＭＡＺＹＭＥＴＲＯＰＬＥＸ,1214,true,tanoc,expert,13.7
LOSE CONTROL,,ＬＯＳＥＣＯＮＴＲＯＬ,1268,true,tanoc,normal,3.0
LOSE CONTROL,,ＬＯＳＥＣＯＮＴＲＯＬ,1268,true,tanoc,hard,8.1
LOSE CONTROL,,ＬＯＳＥＣＯＮＴＲＯＬ,1268,true,tanoc,expert,11.3
†DOOF†SENC†,,ＤＯＯＦＳＥＮＣ,1267,true,tanoc,normal,6.0
†DOOF†SENC†,,ＤＯＯＦＳＥＮＣ,1267,true,tanoc,hard,10.4
†DOOF†SENC†,,ＤＯＯＦＳＥＮＣ,1267,true,tanoc,expert,13.6
Shiny Memory feat.Yukacco,,ＳＨＩＮＹＭＥＭＯＲＹＦＥＡＴＹＵＫＡＣＣＯ,1086,true,tanoc,normal,3.0
Shiny Memory feat.Yukacco,,ＳＨＩＮＹＭＥＭＯＲＹＦＥＡＴＹＵＫＡＣＣＯ,1086,true,tanoc,hard,9.8
Shiny Memory feat.Yukacco,,ＳＨＩＮＹＭＥＭＯＲＹＦＥＡＴＹＵＫＡＣＣＯ,1086,true,tanoc,expert,12.5
BLVST BEVT,BLAST BEAT,ＢＬＶＳＴＢＥＶＴ,1128,true,tanoc,normal,4.0
BLVST BEVT,BLAST BEAT,ＢＬＶＳＴＢＥＶＴ,1128,true,tanoc,hard,10.0
BLVST BEVT,BLAST BEAT,ＢＬＶＳＴＢＥＶＴ,1128,true,tanoc,expert,12.6
JINGLE DEATH,,ＪＩＮＧＬＥＤＥＡＴＨ,1123,true,tanoc,normal,4.0
JINGLE DEATH,,ＪＩＮＧＬＥＤＥＡＴＨ,1123,true,tanoc,hard,10.4
JINGLE DEATH,,ＪＩＮＧＬＥＤＥＡＴＨ,1123,true,tanoc,expert,13.2
Invisible Frenzy,,ＩＮＶＩＳＩＢＬＥＦＲＥＮＺＹ,1061,true,tanoc,normal,7.0
Invisible Frenzy,,ＩＮＶＩＳＩＢＬＥＦＲＥＮＺＹ,1061,true,tanoc,hard,11.0
Invisible Frenzy,,ＩＮＶＩＳＩＢＬＥＦＲＥＮＺＹ,1061,true,tanoc,expert,14.0
VOX Diamond,,ＶＯＸＤＩＡＭＯＮＤ,1078,true,tanoc,normal,4.0
VOX Diamond,,ＶＯＸＤＩＡＭＯＮＤ,1078,true,tanoc,hard,7.9
VOX Diamond,,ＶＯＸＤＩＡＭＯＮＤ,1078,true,tanoc,expert,12.6
Chariot,,ＣＨＡＲＩＯＴ,1063,true,tanoc,normal,3.0
Chariot,,ＣＨＡＲＩＯＴ,1063,true,tanoc,hard,8.6
Chariot,,ＣＨＡＲＩＯＴ,1063,true,tanoc,expert,12.4
Akareram,,ＡＫＡＲＥＲＡＭ,1083,true,tanoc,normal,3.0
Akareram,,ＡＫＡＲＥＲＡＭ,1083,true,tanoc,hard,8.5
Akareram,,ＡＫＡＲＥＲＡＭ,1083,true,tanoc,expert,11.7
Galaxy Friends,,ＧＡＬＡＸＹＦＲＩＥＮＤＳ,1084,true,tanoc,normal,4.0
Galaxy Friends,,ＧＡＬＡＸＹＦＲＩＥＮＤＳ,1084,true,tanoc,hard,8.9
Galaxy Friends,,ＧＡＬＡＸＹＦＲＩＥＮＤＳ,1084,true,tanoc,expert,12.7
13 Donkeys,,１３ＤＯＮＫＥＹＳ,1064,true,tanoc,normal,2.0
13 Donkeys,,１３ＤＯＮＫＥＹＳ,1064,true,tanoc,hard,8.4
13 Donkeys,,１３ＤＯＮＫＥＹＳ,1064,true,tanoc,expert,12.2
ADAM,,ＡＤＡＭ,1065,true,tanoc,normal,5.0
ADAM,,ＡＤＡＭ,1065,true,tanoc,hard,10.2
ADAM,,ＡＤＡＭ,1065,true,tanoc,expert,13.4
ATARAX1A,ATARAXiA,ＡＴＡＲＡＸ１Ａ,1062,true,tanoc,normal,4.0
ATARAX1A,ATARAXiA,ＡＴＡＲＡＸ１Ａ,1062,true,tanoc,hard,8.6
ATARAX1A,ATARAXiA,ＡＴＡＲＡＸ１Ａ,1062,true,tanoc,expert,12.5
HiGHER,,ＨＩＧＨＥＲ,1077,true,tanoc,normal,3.0
HiGHER,,ＨＩＧＨＥＲ,1077,true,tanoc,hard,8.5
HiGHER,,ＨＩＧＨＥＲ,1077,true,tanoc,expert,12.2
Source of Creation,,ＳＯＵＲＣＥＯＦＣＲＥＡＴＩＯＮ,1080,true,tanoc,normal,3.0
Source of Creation,,ＳＯＵＲＣＥＯＦＣＲＥＡＴＩＯＮ,1080,true,tanoc,hard,8.1
Source of Creation,,ＳＯＵＲＣＥＯＦＣＲＥＡＴＩＯＮ,1080,true,tanoc,expert,11.3
Exitium,,ＥＸＩＴＩＵＭ,1068,true,tanoc,normal,6.0
Exitium,,ＥＸＩＴＩＵＭ,1068,true,tanoc,hard,11.0
Exitium,,ＥＸＩＴＩＵＭ,1068,true,tanoc,expert,14.1
Blaze,,ＢＬＡＺＥ,1082,true,tanoc,normal,3.0
Blaze,,ＢＬＡＺＥ,1082,true,tanoc,hard,8.7
Blaze,,ＢＬＡＺＥ,1082,true,tanoc,expert,11.7
GRiDGALAXY,,ＧＲＩＤＧＡＬＡＸＹ,1081,true,tanoc,normal,4.0
GRiDGALAXY,,ＧＲＩＤＧＡＬＡＸＹ,1081,true,tanoc,hard,8.3
GRiDGALAXY,,ＧＲＩＤＧＡＬＡＸＹ,1081,true,tanoc,expert,11.5
Jingle,,ＪＩＮＧＬＥ,1079,true,tanoc,normal,4.0
Jingle,,ＪＩＮＧＬＥ,1079,true,tanoc,hard,9.7
Jingle,,ＪＩＮＧＬＥ,1079,true,tanoc,expert,11.3
BATTLE NO.1,,ＢＡＴＴＬＥＮＯ１,1105,true,tanoc,normal,6.0
BATTLE NO.1,,ＢＡＴＴＬＥＮＯ１,1105,true,tanoc,hard,10.5
BATTLE NO.1,,ＢＡＴＴＬＥＮＯ１,1105,true,tanoc,expert,13.7
BATTLE NO.1,,ＢＡＴＴＬＥＮＯ１,1105,true,tanoc,inferno,14.1
LEVATEiN feat. 野宮あゆみ,LEVATEiN feat. Nomiya Ayumi,ＬＥＶＡＴＥＩＮ,1054,true,tanoc,normal,4.0
LEVATEiN feat. 野宮あゆみ,LEVATEiN feat. Nomiya Ayumi,ＬＥＶＡＴＥＩＮ,1054,true,tanoc,hard,9.1
LEVATEiN feat. 野宮あゆみ,LEVATEiN feat. Nomiya Ayumi,ＬＥＶＡＴＥＩＮ,1054,true,tanoc,expert,12.5
BIG HEAD BANGING,,ＢＩＧＨＥＡＤＢＡＮＧＩＮＧ,1055,true,tanoc,normal,6.0
BIG HEAD BANGING,,ＢＩＧＨＥＡＤＢＡＮＧＩＮＧ,1055,true,tanoc,hard,11.0
BIG HEAD BANGING,,ＢＩＧＨＥＡＤＢＡＮＧＩＮＧ,1055,true,tanoc,expert,13.8
Knight Rider,,ＫＮＩＧＨＴＲＩＤＥＲ,4,true,tanoc,normal,6.0
Knight Rider,,ＫＮＩＧＨＴＲＩＤＥＲ,4,true,tanoc,hard,10.9
Knight Rider,,ＫＮＩＧＨＴＲＩＤＥＲ,4,true,tanoc,expert,13.3
PARALLEL★PRISM,,ＰＡＲＡＬＬＥＬ★ＰＲＩＳＭ,6,true,tanoc,normal,3.0
PARALLEL★PRISM,,ＰＡＲＡＬＬＥＬ★ＰＲＩＳＭ,6,true,tanoc,hard,7.7
PARALLEL★PRISM,,ＰＡＲＡＬＬＥＬ★ＰＲＩＳＭ,6,true,tanoc,expert,10.8
Rainbow Dream,,ＲＡＩＮＢＯＷＤＲＥＡＭ,3,true,tanoc,normal,3.0
Rainbow Dream,,ＲＡＩＮＢＯＷＤＲＥＡＭ,3,true,tanoc,hard,8.7
Rainbow Dream,,ＲＡＩＮＢＯＷＤＲＥＡＭ,3,true,tanoc,expert,11.4
Quon,,ＱＵＯＮ,1056,true,tanoc,normal,5.0
Quon,,ＱＵＯＮ,1056,true,tanoc,hard,10.6
Quon,,ＱＵＯＮ,1056,true,tanoc,expert,12.8
Quon,,ＱＵＯＮ,1056,true,tanoc,inferno,13.9
Poseidon,,ＰＯＳＥＩＤＯＮ,5,true,tanoc,normal,5.0
Poseidon,,ＰＯＳＥＩＤＯＮ,5,true,tanoc,hard,9.9
Poseidon,,ＰＯＳＥＩＤＯＮ,5,true,tanoc,expert,13.8
HELL FLAME,,ＨＥＬＬＦＬＡＭＥ,1057,true,tanoc,normal,5.0
HELL FLAME,,ＨＥＬＬＦＬＡＭＥ,1057,true,tanoc,hard,10.4
HELL FLAME,,ＨＥＬＬＦＬＡＭＥ,1057,true,tanoc,expert,12.7
HELL FLAME,,ＨＥＬＬＦＬＡＭＥ,1057,true,tanoc,inferno,13.9
Gate One,,ＧＡＴＥＯＮＥ,1058,true,tanoc,normal,4.0
Gate One,,ＧＡＴＥＯＮＥ,1058,true,tanoc,hard,9.5
Gate One,,ＧＡＴＥＯＮＥ,1058,true,tanoc,expert,12.0
Over My Hand,,ＯＶＥＲＭＹＨＡＮＤ,1060,true,tanoc,normal,3.0
Over My Hand,,ＯＶＥＲＭＹＨＡＮＤ,1060,true,tanoc,hard,9.2
Over My Hand,,ＯＶＥＲＭＹＨＡＮＤ,1060,true,tanoc,expert,11.1
Are You Ready,,ＡＲＥＹＯＵＲＥＡＤＹ,1059,true,tanoc,normal,4.0
Are You Ready,,ＡＲＥＹＯＵＲＥＡＤＹ,1059,true,tanoc,hard,10.1
Are You Ready,,ＡＲＥＹＯＵＲＥＡＤＹ,1059,true,tanoc,expert,12.5
MEMORiZE,,ＭＥＭＯＲＩＺＥ,20,true,tanoc,normal,3.0
MEMORiZE,,ＭＥＭＯＲＩＺＥ,20,true,tanoc,hard,8.1
MEMORiZE,,ＭＥＭＯＲＩＺＥ,20,true,tanoc,expert,10.0
illanai-assorted,,ＩＬＬＡＮＡＩ－ＡＳＳＯＲＴＥＤ,21,true,tanoc,normal,4.0
illanai-assorted,,ＩＬＬＡＮＡＩ－ＡＳＳＯＲＴＥＤ,21,true,tanoc,hard,8.9
illanai-assorted,,ＩＬＬＡＮＡＩ－ＡＳＳＯＲＴＥＤ,21,true,tanoc,expert,12.9
Sunshine,,ＳＵＮＳＨＩＮＥ,1069,true,tanoc,normal,4.0
Sunshine,,ＳＵＮＳＨＩＮＥ,1069,true,tanoc,hard,8.2
Sunshine,,ＳＵＮＳＨＩＮＥ,1069,true,tanoc,expert,11.3
BOOM! BOOM!! BOOM!!!,,ＢＯＯＭ！ＢＯＯＭ！！ＢＯＯＭ！！！,1072,true,tanoc,normal,4.0
BOOM! BOOM!! BOOM!!!,,ＢＯＯＭ！ＢＯＯＭ！！ＢＯＯＭ！！！,1072,true,tanoc,hard,10.6
BOOM! BOOM!! BOOM!!!,,ＢＯＯＭ！ＢＯＯＭ！！ＢＯＯＭ！！！,1072,true,tanoc,expert,12.3
Ever Free(Raw Edit),,ＥＶＥＲＦＲＥＥ,1071,true,tanoc,normal,3.0
Ever Free(Raw Edit),,ＥＶＥＲＦＲＥＥ,1071,true,tanoc,hard,8.3
Ever Free(Raw Edit),,ＥＶＥＲＦＲＥＥ,1071,true,tanoc,expert,10.1
Try again,,ＴＲＹＡＧＡＩＮ,1070,true,tanoc,normal,4.0
Try again,,ＴＲＹＡＧＡＩＮ,1070,true,tanoc,hard,8.8
Try again,,ＴＲＹＡＧＡＩＮ,1070,true,tanoc,expert,10.6
BLUE SKY feat. 野宮あゆみ,BLUE SKY feat. Nomiya Ayumi,ＢＬＵＥＳＫＹ,1073,true,tanoc,normal,3.0
BLUE SKY feat. 野宮あゆみ,BLUE SKY feat. Nomiya Ayumi,ＢＬＵＥＳＫＹ,1073,true,tanoc,hard,7.6
BLUE SKY feat. 野宮あゆみ,BLUE SKY feat. Nomiya Ayumi,ＢＬＵＥＳＫＹ,1073,true,tanoc,expert,10.4
Sound Chimera,,ＳＯＵＮＤＣＨＩＭＥＲＡ,1076,true,tanoc,normal,5.0
Sound Chimera,,ＳＯＵＮＤＣＨＩＭＥＲＡ,1076,true,tanoc,hard,10.8
Sound Chimera,,ＳＯＵＮＤＣＨＩＭＥＲＡ,1076,true,tanoc,expert,12.8
Sound Chimera,,ＳＯＵＮＤＣＨＩＭＥＲＡ,1076,true,tanoc,inferno,13.9
Soldiers,,ＳＯＬＤＩＥＲＳ,24,true,tanoc,normal,4.0
Soldiers,,ＳＯＬＤＩＥＲＳ,24,true,tanoc,hard,8.8
Soldiers,,ＳＯＬＤＩＥＲＳ,24,true,tanoc,expert,11.9
Fight for the CORE feat. Daisuke,,ＦＩＧＨＴＦＯＲＴＨＥＣＯＲＥ,25,true,tanoc,normal,4.0
Fight for the CORE feat. Daisuke,,ＦＩＧＨＴＦＯＲＴＨＥＣＯＲＥ,25,true,tanoc,hard,10.7
Fight for the CORE feat. Daisuke,,ＦＩＧＨＴＦＯＲＴＨＥＣＯＲＥ,25,true,tanoc,expert,12.6
Shining Harmony,,ＳＨＩＮＩＮＧＨＡＲＭＯＮＹ,1101,true,tanoc,normal,4.0
Shining Harmony,,ＳＨＩＮＩＮＧＨＡＲＭＯＮＹ,1101,true,tanoc,hard,9.6
Shining Harmony,,ＳＨＩＮＩＮＧＨＡＲＭＯＮＹ,1101,true,tanoc,expert,12.2
